name,domain,category,description,audience_estimate,audience_period,audience_source_url,audience_checked_at,public_attributes,featured_rank,scope
G1,g1.globo.com,Notícias gerais,Portal nacional de notícias gerais.,,,,,"[{""atributo"": ""status_curadoria"", ""valor"": ""curadoria_inicial_sem_metricas""}, {""atributo"": ""escopo"", ""valor"": ""Premium nacional (seleção editorial inicial, sem ranking)""}]",,nacional_premium
O Globo,oglobo.globo.com,Notícias gerais,Portal nacional de notícias gerais.,,,,,"[{""atributo"": ""status_curadoria"", ""valor"": ""curadoria_inicial_sem_metricas""}, {""atributo"": ""escopo"", ""valor"": ""Premium nacional (seleção editorial inicial, sem ranking)""}]",,nacional_premium
Folha de S.Paulo,folha.uol.com.br,Notícias gerais,Portal nacional de notícias gerais.,,,,,"[{""atributo"": ""status_curadoria"", ""valor"": ""curadoria_inicial_sem_metricas""}, {""atributo"": ""escopo"", ""valor"": ""Premium nacional (seleção editorial inicial, sem ranking)""}]",,nacional_premium
Estadão,estadao.com.br,Notícias gerais,Portal nacional de notícias gerais.,,,,,"[{""atributo"": ""status_curadoria"", ""valor"": ""curadoria_inicial_sem_metricas""}, {""atributo"": ""escopo"", ""valor"": ""Premium nacional (seleção editorial inicial, sem ranking)""}]",,nacional_premium
CNN Brasil,cnnbrasil.com.br,Notícias gerais,Portal nacional de notícias gerais.,,,,,"[{""atributo"": ""status_curadoria"", ""valor"": ""curadoria_inicial_sem_metricas""}, {""atributo"": ""escopo"", ""valor"": ""Premium nacional (seleção editorial inicial, sem ranking)""}]",,nacional_premium
R7,r7.com,Notícias gerais,Portal nacional de notícias gerais.,,,,,"[{""atributo"": ""status_curadoria"", ""valor"": ""curadoria_inicial_sem_metricas""}, {""atributo"": ""escopo"", ""valor"": ""Premium nacional (seleção editorial inicial, sem ranking)""}]",,nacional_premium
Metrópoles,metropoles.com,Notícias gerais,Portal nacional de notícias gerais.,,,,,"[{""atributo"": ""status_curadoria"", ""valor"": ""curadoria_inicial_sem_metricas""}, {""atributo"": ""escopo"", ""valor"": ""Premium nacional (seleção editorial inicial, sem ranking)""}]",,nacional_premium
Correio Braziliense,correiobraziliense.com.br,Notícias gerais,Portal nacional de notícias gerais.,,,,,"[{""atributo"": ""status_curadoria"", ""valor"": ""curadoria_inicial_sem_metricas""}, {""atributo"": ""escopo"", ""valor"": ""Premium nacional (seleção editorial inicial, sem ranking)""}]",,nacional_premium
GZH,gauchazh.clicrbs.com.br,Notícias gerais,Portal nacional de notícias gerais.,,,,,"[{""atributo"": ""status_curadoria"", ""valor"": ""curadoria_inicial_sem_metricas""}, {""atributo"": ""escopo"", ""valor"": ""Premium nacional (seleção editorial inicial, sem ranking)""}]",,nacional_premium
Gazeta do Povo,gazetadopovo.com.br,Notícias gerais,Portal nacional de notícias gerais.,,,,,"[{""atributo"": ""status_curadoria"", ""valor"": ""curadoria_inicial_sem_metricas""}, {""atributo"": ""escopo"", ""valor"": ""Premium nacional (seleção editorial inicial, sem ranking)""}]",,nacional_premium
Estado de Minas,em.com.br,Notícias gerais,Portal nacional de notícias gerais.,,,,,"[{""atributo"": ""status_curadoria"", ""valor"": ""curadoria_inicial_sem_metricas""}, {""atributo"": ""escopo"", ""valor"": ""Premium nacional (seleção editorial inicial, sem ranking)""}]",,nacional_premium
O Tempo,otempo.com.br,Notícias gerais,Portal nacional de notícias gerais.,,,,,"[{""atributo"": ""status_curadoria"", ""valor"": ""curadoria_inicial_sem_metricas""}, {""atributo"": ""escopo"", ""valor"": ""Premium nacional (seleção editorial inicial, sem ranking)""}]",,nacional_premium
A Tarde,atarde.com.br,Notícias gerais,Portal nacional de notícias gerais.,,,,,"[{""atributo"": ""status_curadoria"", ""valor"": ""curadoria_inicial_sem_metricas""}, {""atributo"": ""escopo"", ""valor"": ""Premium nacional (seleção editorial inicial, sem ranking)""}]",,nacional_premium
Folha de Pernambuco,folhape.com.br,Notícias gerais,Portal nacional de notícias gerais.,,,,,"[{""atributo"": ""status_curadoria"", ""valor"": ""curadoria_inicial_sem_metricas""}, {""atributo"": ""escopo"", ""valor"": ""Premium nacional (seleção editorial inicial, sem ranking)""}]",,nacional_premium
O Povo,opovo.com.br,Notícias gerais,Portal nacional de notícias gerais.,,,,,"[{""atributo"": ""status_curadoria"", ""valor"": ""curadoria_inicial_sem_metricas""}, {""atributo"": ""escopo"", ""valor"": ""Premium nacional (seleção editorial inicial, sem ranking)""}]",,nacional_premium
Diário do Nordeste,diariodonordeste.verdesmares.com.br,Notícias gerais,Portal nacional de notícias gerais.,,,,,"[{""atributo"": ""status_curadoria"", ""valor"": ""curadoria_inicial_sem_metricas""}, {""atributo"": ""escopo"", ""valor"": ""Premium nacional (seleção editorial inicial, sem ranking)""}]",,nacional_premium
Correio,correio24horas.com.br,Notícias gerais,Portal nacional de notícias gerais.,,,,,"[{""atributo"": ""status_curadoria"", ""valor"": ""curadoria_inicial_sem_metricas""}, {""atributo"": ""escopo"", ""valor"": ""Premium nacional (seleção editorial inicial, sem ranking)""}]",,nacional_premium
Band,band.uol.com.br,Notícias gerais,Portal nacional de notícias gerais.,,,,,"[{""atributo"": ""status_curadoria"", ""valor"": ""curadoria_inicial_sem_metricas""}, {""atributo"": ""escopo"", ""valor"": ""Premium nacional (seleção editorial inicial, sem ranking)""}]",,nacional_premium
Brasil 247,brasil247.com,Notícias gerais,Portal nacional de notícias gerais.,,,,,"[{""atributo"": ""status_curadoria"", ""valor"": ""curadoria_inicial_sem_metricas""}, {""atributo"": ""escopo"", ""valor"": ""Premium nacional (seleção editorial inicial, sem ranking)""}]",,nacional_premium
CartaCapital,cartacapital.com.br,Notícias gerais,Portal nacional de notícias gerais.,,,,,"[{""atributo"": ""status_curadoria"", ""valor"": ""curadoria_inicial_sem_metricas""}, {""atributo"": ""escopo"", ""valor"": ""Premium nacional (seleção editorial inicial, sem ranking)""}]",,nacional_premium
Veja,veja.abril.com.br,Notícias gerais,Portal nacional de notícias gerais.,,,,,"[{""atributo"": ""status_curadoria"", ""valor"": ""curadoria_inicial_sem_metricas""}, {""atributo"": ""escopo"", ""valor"": ""Premium nacional (seleção editorial inicial, sem ranking)""}]",,nacional_premium
IstoÉ,istoe.com.br,Notícias gerais,Portal nacional de notícias gerais.,,,,,"[{""atributo"": ""status_curadoria"", ""valor"": ""curadoria_inicial_sem_metricas""}, {""atributo"": ""escopo"", ""valor"": ""Premium nacional (seleção editorial inicial, sem ranking)""}]",,nacional_premium
Poder360,poder360.com.br,Notícias gerais,Portal nacional de notícias gerais.,,,,,"[{""atributo"": ""status_curadoria"", ""valor"": ""curadoria_inicial_sem_metricas""}, {""atributo"": ""escopo"", ""valor"": ""Premium nacional (seleção editorial inicial, sem ranking)""}]",,nacional_premium
Jovem Pan,jovempan.com.br,Notícias gerais,Portal nacional de notícias gerais.,,,,,"[{""atributo"": ""status_curadoria"", ""valor"": ""curadoria_inicial_sem_metricas""}, {""atributo"": ""escopo"", ""valor"": ""Premium nacional (seleção editorial inicial, sem ranking)""}]",,nacional_premium
Agência Brasil,agenciabrasil.ebc.com.br,Notícias gerais,Portal nacional de notícias gerais.,,,,,"[{""atributo"": ""status_curadoria"", ""valor"": ""curadoria_inicial_sem_metricas""}, {""atributo"": ""escopo"", ""valor"": ""Premium nacional (seleção editorial inicial, sem ranking)""}]",,nacional_premium
Correio do Povo,correiodopovo.com.br,Notícias gerais,Portal nacional de notícias gerais.,,,,,"[{""atributo"": ""status_curadoria"", ""valor"": ""curadoria_inicial_sem_metricas""}, {""atributo"": ""escopo"", ""valor"": ""Premium nacional (seleção editorial inicial, sem ranking)""}]",,nacional_premium
A Gazeta,agazeta.com.br,Notícias gerais,Portal nacional de notícias gerais.,,,,,"[{""atributo"": ""status_curadoria"", ""valor"": ""curadoria_inicial_sem_metricas""}, {""atributo"": ""escopo"", ""valor"": ""Premium nacional (seleção editorial inicial, sem ranking)""}]",,nacional_premium
Tribuna Online,tribunaonline.com.br,Notícias gerais,Portal nacional de notícias gerais.,,,,,"[{""atributo"": ""status_curadoria"", ""valor"": ""curadoria_inicial_sem_metricas""}, {""atributo"": ""escopo"", ""valor"": ""Premium nacional (seleção editorial inicial, sem ranking)""}]",,nacional_premium
O Popular,opopular.com.br,Notícias gerais,Portal nacional de notícias gerais.,,,,,"[{""atributo"": ""status_curadoria"", ""valor"": ""curadoria_inicial_sem_metricas""}, {""atributo"": ""escopo"", ""valor"": ""Premium nacional (seleção editorial inicial, sem ranking)""}]",,nacional_premium
UAI,uai.com.br,Notícias gerais,Portal nacional de notícias gerais.,,,,,"[{""atributo"": ""status_curadoria"", ""valor"": ""curadoria_inicial_sem_metricas""}, {""atributo"": ""escopo"", ""valor"": ""Premium nacional (seleção editorial inicial, sem ranking)""}]",,nacional_premium
Brasil de Fato,brasildefato.com.br,Notícias gerais,Portal nacional de notícias gerais.,,,,,"[{""atributo"": ""status_curadoria"", ""valor"": ""curadoria_inicial_sem_metricas""}, {""atributo"": ""escopo"", ""valor"": ""Premium nacional (seleção editorial inicial, sem ranking)""}]",,nacional_premium
Nexo Jornal,nexojornal.com.br,Notícias gerais,Portal nacional de notícias gerais.,,,,,"[{""atributo"": ""status_curadoria"", ""valor"": ""curadoria_inicial_sem_metricas""}, {""atributo"": ""escopo"", ""valor"": ""Premium nacional (seleção editorial inicial, sem ranking)""}]",,nacional_premium
ND+,ndmais.com.br,Notícias gerais,Portal nacional de notícias gerais.,,,,,"[{""atributo"": ""status_curadoria"", ""valor"": ""curadoria_inicial_sem_metricas""}, {""atributo"": ""escopo"", ""valor"": ""Premium nacional (seleção editorial inicial, sem ranking)""}]",,nacional_premium
NSC Total,nsctotal.com.br,Notícias gerais,Portal nacional de notícias gerais.,,,,,"[{""atributo"": ""status_curadoria"", ""valor"": ""curadoria_inicial_sem_metricas""}, {""atributo"": ""escopo"", ""valor"": ""Premium nacional (seleção editorial inicial, sem ranking)""}]",,nacional_premium
Terra,terra.com.br,Portais e serviços,Portal nacional de portais e serviços.,,,,,"[{""atributo"": ""status_curadoria"", ""valor"": ""curadoria_inicial_sem_metricas""}, {""atributo"": ""escopo"", ""valor"": ""Premium nacional (seleção editorial inicial, sem ranking)""}]",,nacional_premium
UOL,uol.com.br,Portais e serviços,Portal nacional de portais e serviços.,,,,,"[{""atributo"": ""status_curadoria"", ""valor"": ""curadoria_inicial_sem_metricas""}, {""atributo"": ""escopo"", ""valor"": ""Premium nacional (seleção editorial inicial, sem ranking)""}]",,nacional_premium
iG,ig.com.br,Portais e serviços,Portal nacional de portais e serviços.,,,,,"[{""atributo"": ""status_curadoria"", ""valor"": ""curadoria_inicial_sem_metricas""}, {""atributo"": ""escopo"", ""valor"": ""Premium nacional (seleção editorial inicial, sem ranking)""}]",,nacional_premium
Globo.com,globo.com,Portais e serviços,Portal nacional de portais e serviços.,,,,,"[{""atributo"": ""status_curadoria"", ""valor"": ""curadoria_inicial_sem_metricas""}, {""atributo"": ""escopo"", ""valor"": ""Premium nacional (seleção editorial inicial, sem ranking)""}]",,nacional_premium
BOL,bol.uol.com.br,Portais e serviços,Portal nacional de portais e serviços.,,,,,"[{""atributo"": ""status_curadoria"", ""valor"": ""curadoria_inicial_sem_metricas""}, {""atributo"": ""escopo"", ""valor"": ""Premium nacional (seleção editorial inicial, sem ranking)""}]",,nacional_premium
Climatempo,climatempo.com.br,Portais e serviços,Portal nacional de portais e serviços.,,,,,"[{""atributo"": ""status_curadoria"", ""valor"": ""curadoria_inicial_sem_metricas""}, {""atributo"": ""escopo"", ""valor"": ""Premium nacional (seleção editorial inicial, sem ranking)""}]",,nacional_premium
InfoMoney,infomoney.com.br,Economia e negócios,Portal nacional de economia e negócios.,,,,,"[{""atributo"": ""status_curadoria"", ""valor"": ""curadoria_inicial_sem_metricas""}, {""atributo"": ""escopo"", ""valor"": ""Premium nacional (seleção editorial inicial, sem ranking)""}]",,nacional_premium
Valor Econômico,valor.globo.com,Economia e negócios,Portal nacional de economia e negócios.,,,,,"[{""atributo"": ""status_curadoria"", ""valor"": ""curadoria_inicial_sem_metricas""}, {""atributo"": ""escopo"", ""valor"": ""Premium nacional (seleção editorial inicial, sem ranking)""}]",,nacional_premium
Exame,exame.com,Economia e negócios,Portal nacional de economia e negócios.,,,,,"[{""atributo"": ""status_curadoria"", ""valor"": ""curadoria_inicial_sem_metricas""}, {""atributo"": ""escopo"", ""valor"": ""Premium nacional (seleção editorial inicial, sem ranking)""}]",,nacional_premium
Investing.com Brasil,br.investing.com,Economia e negócios,Portal nacional de economia e negócios.,,,,,"[{""atributo"": ""status_curadoria"", ""valor"": ""curadoria_inicial_sem_metricas""}, {""atributo"": ""escopo"", ""valor"": ""Premium nacional (seleção editorial inicial, sem ranking)""}]",,nacional_premium
Money Times,moneytimes.com.br,Economia e negócios,Portal nacional de economia e negócios.,,,,,"[{""atributo"": ""status_curadoria"", ""valor"": ""curadoria_inicial_sem_metricas""}, {""atributo"": ""escopo"", ""valor"": ""Premium nacional (seleção editorial inicial, sem ranking)""}]",,nacional_premium
Seu Dinheiro,seudinheiro.com,Economia e negócios,Portal nacional de economia e negócios.,,,,,"[{""atributo"": ""status_curadoria"", ""valor"": ""curadoria_inicial_sem_metricas""}, {""atributo"": ""escopo"", ""valor"": ""Premium nacional (seleção editorial inicial, sem ranking)""}]",,nacional_premium
Forbes Brasil,forbes.com.br,Economia e negócios,Portal nacional de economia e negócios.,,,,,"[{""atributo"": ""status_curadoria"", ""valor"": ""curadoria_inicial_sem_metricas""}, {""atributo"": ""escopo"", ""valor"": ""Premium nacional (seleção editorial inicial, sem ranking)""}]",,nacional_premium
NeoFeed,neofeed.com.br,Economia e negócios,Portal nacional de economia e negócios.,,,,,"[{""atributo"": ""status_curadoria"", ""valor"": ""curadoria_inicial_sem_metricas""}, {""atributo"": ""escopo"", ""valor"": ""Premium nacional (seleção editorial inicial, sem ranking)""}]",,nacional_premium
IstoÉ Dinheiro,istoedinheiro.com.br,Economia e negócios,Portal nacional de economia e negócios.,,,,,"[{""atributo"": ""status_curadoria"", ""valor"": ""curadoria_inicial_sem_metricas""}, {""atributo"": ""escopo"", ""valor"": ""Premium nacional (seleção editorial inicial, sem ranking)""}]",,nacional_premium
Bloomberg Línea,bloomberglinea.com.br,Economia e negócios,Portal nacional de economia e negócios.,,,,,"[{""atributo"": ""status_curadoria"", ""valor"": ""curadoria_inicial_sem_metricas""}, {""atributo"": ""escopo"", ""valor"": ""Premium nacional (seleção editorial inicial, sem ranking)""}]",,nacional_premium
Meio & Mensagem,meioemensagem.com.br,Economia e negócios,Portal nacional de economia e negócios.,,,,,"[{""atributo"": ""status_curadoria"", ""valor"": ""curadoria_inicial_sem_metricas""}, {""atributo"": ""escopo"", ""valor"": ""Premium nacional (seleção editorial inicial, sem ranking)""}]",,nacional_premium
ge,ge.globo.com,Esportes,Portal nacional de esportes.,,,,,"[{""atributo"": ""status_curadoria"", ""valor"": ""curadoria_inicial_sem_metricas""}, {""atributo"": ""escopo"", ""valor"": ""Premium nacional (seleção editorial inicial, sem ranking)""}]",,nacional_premium
ESPN Brasil,espn.com.br,Esportes,Portal nacional de esportes.,,,,,"[{""atributo"": ""status_curadoria"", ""valor"": ""curadoria_inicial_sem_metricas""}, {""atributo"": ""escopo"", ""valor"": ""Premium nacional (seleção editorial inicial, sem ranking)""}]",,nacional_premium
Lance!,lance.com.br,Esportes,Portal nacional de esportes.,,,,,"[{""atributo"": ""status_curadoria"", ""valor"": ""curadoria_inicial_sem_metricas""}, {""atributo"": ""escopo"", ""valor"": ""Premium nacional (seleção editorial inicial, sem ranking)""}]",,nacional_premium
Gazeta Esportiva,gazetaesportiva.com,Esportes,Portal nacional de esportes.,,,,,"[{""atributo"": ""status_curadoria"", ""valor"": ""curadoria_inicial_sem_metricas""}, {""atributo"": ""escopo"", ""valor"": ""Premium nacional (seleção editorial inicial, sem ranking)""}]",,nacional_premium
Torcedores.com,torcedores.com,Esportes,Portal nacional de esportes.,,,,,"[{""atributo"": ""status_curadoria"", ""valor"": ""curadoria_inicial_sem_metricas""}, {""atributo"": ""escopo"", ""valor"": ""Premium nacional (seleção editorial inicial, sem ranking)""}]",,nacional_premium
Gshow,gshow.globo.com,Entretenimento e celebridades,Portal nacional de entretenimento e celebridades.,,,,,"[{""atributo"": ""status_curadoria"", ""valor"": ""curadoria_inicial_sem_metricas""}, {""atributo"": ""escopo"", ""valor"": ""Premium nacional (seleção editorial inicial, sem ranking)""}]",,nacional_premium
OFuxico,ofuxico.com.br,Entretenimento e celebridades,Portal nacional de entretenimento e celebridades.,,,,,"[{""atributo"": ""status_curadoria"", ""valor"": ""curadoria_inicial_sem_metricas""}, {""atributo"": ""escopo"", ""valor"": ""Premium nacional (seleção editorial inicial, sem ranking)""}]",,nacional_premium
Purepeople,purepeople.com.br,Entretenimento e celebridades,Portal nacional de entretenimento e celebridades.,,,,,"[{""atributo"": ""status_curadoria"", ""valor"": ""curadoria_inicial_sem_metricas""}, {""atributo"": ""escopo"", ""valor"": ""Premium nacional (seleção editorial inicial, sem ranking)""}]",,nacional_premium
Contigo,contigo.com.br,Entretenimento e celebridades,Portal nacional de entretenimento e celebridades.,,,,,"[{""atributo"": ""status_curadoria"", ""valor"": ""curadoria_inicial_sem_metricas""}, {""atributo"": ""escopo"", ""valor"": ""Premium nacional (seleção editorial inicial, sem ranking)""}]",,nacional_premium
Caras,caras.com.br,Entretenimento e celebridades,Portal nacional de entretenimento e celebridades.,,,,,"[{""atributo"": ""status_curadoria"", ""valor"": ""curadoria_inicial_sem_metricas""}, {""atributo"": ""escopo"", ""valor"": ""Premium nacional (seleção editorial inicial, sem ranking)""}]",,nacional_premium
Quem,quem.globo.com,Entretenimento e celebridades,Portal nacional de entretenimento e celebridades.,,,,,"[{""atributo"": ""status_curadoria"", ""valor"": ""curadoria_inicial_sem_metricas""}, {""atributo"": ""escopo"", ""valor"": ""Premium nacional (seleção editorial inicial, sem ranking)""}]",,nacional_premium
Omelete,omelete.com.br,Entretenimento e celebridades,Portal nacional de entretenimento e celebridades.,,,,,"[{""atributo"": ""status_curadoria"", ""valor"": ""curadoria_inicial_sem_metricas""}, {""atributo"": ""escopo"", ""valor"": ""Premium nacional (seleção editorial inicial, sem ranking)""}]",,nacional_premium
AdoroCinema,adorocinema.com,Entretenimento e celebridades,Portal nacional de entretenimento e celebridades.,,,,,"[{""atributo"": ""status_curadoria"", ""valor"": ""curadoria_inicial_sem_metricas""}, {""atributo"": ""escopo"", ""valor"": ""Premium nacional (seleção editorial inicial, sem ranking)""}]",,nacional_premium
Minha Série,minhaserie.com.br,Entretenimento e celebridades,Portal nacional de entretenimento e celebridades.,,,,,"[{""atributo"": ""status_curadoria"", ""valor"": ""curadoria_inicial_sem_metricas""}, {""atributo"": ""escopo"", ""valor"": ""Premium nacional (seleção editorial inicial, sem ranking)""}]",,nacional_premium
Jovem Nerd,jovemnerd.com.br,Entretenimento e celebridades,Portal nacional de entretenimento e celebridades.,,,,,"[{""atributo"": ""status_curadoria"", ""valor"": ""curadoria_inicial_sem_metricas""}, {""atributo"": ""escopo"", ""valor"": ""Premium nacional (seleção editorial inicial, sem ranking)""}]",,nacional_premium
Cinepop,cinepop.com.br,Entretenimento e celebridades,Portal nacional de entretenimento e celebridades.,,,,,"[{""atributo"": ""status_curadoria"", ""valor"": ""curadoria_inicial_sem_metricas""}, {""atributo"": ""escopo"", ""valor"": ""Premium nacional (seleção editorial inicial, sem ranking)""}]",,nacional_premium
Hugo Gloss,hugogloss.uol.com.br,Entretenimento e celebridades,Portal nacional de entretenimento e celebridades.,,,,,"[{""atributo"": ""status_curadoria"", ""valor"": ""curadoria_inicial_sem_metricas""}, {""atributo"": ""escopo"", ""valor"": ""Premium nacional (seleção editorial inicial, sem ranking)""}]",,nacional_premium
Vagalume,vagalume.com.br,Música e cultura,Portal nacional de música e cultura.,,,,,"[{""atributo"": ""status_curadoria"", ""valor"": ""curadoria_inicial_sem_metricas""}, {""atributo"": ""escopo"", ""valor"": ""Premium nacional (seleção editorial inicial, sem ranking)""}]",,nacional_premium
Letras.mus.br,letras.mus.br,Música e cultura,Portal nacional de música e cultura.,,,,,"[{""atributo"": ""status_curadoria"", ""valor"": ""curadoria_inicial_sem_metricas""}, {""atributo"": ""escopo"", ""valor"": ""Premium nacional (seleção editorial inicial, sem ranking)""}]",,nacional_premium
Cifra Club,cifraclub.com.br,Música e cultura,Portal nacional de música e cultura.,,,,,"[{""atributo"": ""status_curadoria"", ""valor"": ""curadoria_inicial_sem_metricas""}, {""atributo"": ""escopo"", ""valor"": ""Premium nacional (seleção editorial inicial, sem ranking)""}]",,nacional_premium
Rolling Stone Brasil,rollingstone.uol.com.br,Música e cultura,Portal nacional de música e cultura.,,,,,"[{""atributo"": ""status_curadoria"", ""valor"": ""curadoria_inicial_sem_metricas""}, {""atributo"": ""escopo"", ""valor"": ""Premium nacional (seleção editorial inicial, sem ranking)""}]",,nacional_premium
TecMundo,tecmundo.com.br,Tecnologia e games,Portal nacional de tecnologia e games.,,,,,"[{""atributo"": ""status_curadoria"", ""valor"": ""curadoria_inicial_sem_metricas""}, {""atributo"": ""escopo"", ""valor"": ""Premium nacional (seleção editorial inicial, sem ranking)""}]",,nacional_premium
Olhar Digital,olhardigital.com.br,Tecnologia e games,Portal nacional de tecnologia e games.,,,,,"[{""atributo"": ""status_curadoria"", ""valor"": ""curadoria_inicial_sem_metricas""}, {""atributo"": ""escopo"", ""valor"": ""Premium nacional (seleção editorial inicial, sem ranking)""}]",,nacional_premium
Canaltech,canaltech.com.br,Tecnologia e games,Portal nacional de tecnologia e games.,,,,,"[{""atributo"": ""status_curadoria"", ""valor"": ""curadoria_inicial_sem_metricas""}, {""atributo"": ""escopo"", ""valor"": ""Premium nacional (seleção editorial inicial, sem ranking)""}]",,nacional_premium
Tecnoblog,tecnoblog.net,Tecnologia e games,Portal nacional de tecnologia e games.,,,,,"[{""atributo"": ""status_curadoria"", ""valor"": ""curadoria_inicial_sem_metricas""}, {""atributo"": ""escopo"", ""valor"": ""Premium nacional (seleção editorial inicial, sem ranking)""}]",,nacional_premium
TechTudo,techtudo.com.br,Tecnologia e games,Portal nacional de tecnologia e games.,,,,,"[{""atributo"": ""status_curadoria"", ""valor"": ""curadoria_inicial_sem_metricas""}, {""atributo"": ""escopo"", ""valor"": ""Premium nacional (seleção editorial inicial, sem ranking)""}]",,nacional_premium
Showmetech,showmetech.com.br,Tecnologia e games,Portal nacional de tecnologia e games.,,,,,"[{""atributo"": ""status_curadoria"", ""valor"": ""curadoria_inicial_sem_metricas""}, {""atributo"": ""escopo"", ""valor"": ""Premium nacional (seleção editorial inicial, sem ranking)""}]",,nacional_premium
Adrenaline,adrenaline.com.br,Tecnologia e games,Portal nacional de tecnologia e games.,,,,,"[{""atributo"": ""status_curadoria"", ""valor"": ""curadoria_inicial_sem_metricas""}, {""atributo"": ""escopo"", ""valor"": ""Premium nacional (seleção editorial inicial, sem ranking)""}]",,nacional_premium
TudoCelular,tudocelular.com,Tecnologia e games,Portal nacional de tecnologia e games.,,,,,"[{""atributo"": ""status_curadoria"", ""valor"": ""curadoria_inicial_sem_metricas""}, {""atributo"": ""escopo"", ""valor"": ""Premium nacional (seleção editorial inicial, sem ranking)""}]",,nacional_premium
Vogue Brasil,vogue.globo.com,"Mulher, estilo e casa","Portal nacional de mulher, estilo e casa.",,,,,"[{""atributo"": ""status_curadoria"", ""valor"": ""curadoria_inicial_sem_metricas""}, {""atributo"": ""escopo"", ""valor"": ""Premium nacional (seleção editorial inicial, sem ranking)""}]",,nacional_premium
Marie Claire,marieclaire.globo.com,"Mulher, estilo e casa","Portal nacional de mulher, estilo e casa.",,,,,"[{""atributo"": ""status_curadoria"", ""valor"": ""curadoria_inicial_sem_metricas""}, {""atributo"": ""escopo"", ""valor"": ""Premium nacional (seleção editorial inicial, sem ranking)""}]",,nacional_premium
Elle Brasil,elle.com.br,"Mulher, estilo e casa","Portal nacional de mulher, estilo e casa.",,,,,"[{""atributo"": ""status_curadoria"", ""valor"": ""curadoria_inicial_sem_metricas""}, {""atributo"": ""escopo"", ""valor"": ""Premium nacional (seleção editorial inicial, sem ranking)""}]",,nacional_premium
TudoGostoso,tudogostoso.com.br,"Mulher, estilo e casa","Portal nacional de mulher, estilo e casa.",,,,,"[{""atributo"": ""status_curadoria"", ""valor"": ""curadoria_inicial_sem_metricas""}, {""atributo"": ""escopo"", ""valor"": ""Premium nacional (seleção editorial inicial, sem ranking)""}]",,nacional_premium
Casa e Jardim,casaejardim.globo.com,"Mulher, estilo e casa","Portal nacional de mulher, estilo e casa.",,,,,"[{""atributo"": ""status_curadoria"", ""valor"": ""curadoria_inicial_sem_metricas""}, {""atributo"": ""escopo"", ""valor"": ""Premium nacional (seleção editorial inicial, sem ranking)""}]",,nacional_premium
Crescer,revistacrescer.globo.com,"Mulher, estilo e casa","Portal nacional de mulher, estilo e casa.",,,,,"[{""atributo"": ""status_curadoria"", ""valor"": ""curadoria_inicial_sem_metricas""}, {""atributo"": ""escopo"", ""valor"": ""Premium nacional (seleção editorial inicial, sem ranking)""}]",,nacional_premium
Claudia,claudia.abril.com.br,"Mulher, estilo e casa","Portal nacional de mulher, estilo e casa.",,,,,"[{""atributo"": ""status_curadoria"", ""valor"": ""curadoria_inicial_sem_metricas""}, {""atributo"": ""escopo"", ""valor"": ""Premium nacional (seleção editorial inicial, sem ranking)""}]",,nacional_premium
Drauzio Varella,drauziovarella.uol.com.br,Saúde e bem-estar,Portal nacional de saúde e bem-estar.,,,,,"[{""atributo"": ""status_curadoria"", ""valor"": ""curadoria_inicial_sem_metricas""}, {""atributo"": ""escopo"", ""valor"": ""Premium nacional (seleção editorial inicial, sem ranking)""}]",,nacional_premium
Minha Vida,minhavida.com.br,Saúde e bem-estar,Portal nacional de saúde e bem-estar.,,,,,"[{""atributo"": ""status_curadoria"", ""valor"": ""curadoria_inicial_sem_metricas""}, {""atributo"": ""escopo"", ""valor"": ""Premium nacional (seleção editorial inicial, sem ranking)""}]",,nacional_premium
Tua Saúde,tuasaude.com,Saúde e bem-estar,Portal nacional de saúde e bem-estar.,,,,,"[{""atributo"": ""status_curadoria"", ""valor"": ""curadoria_inicial_sem_metricas""}, {""atributo"": ""escopo"", ""valor"": ""Premium nacional (seleção editorial inicial, sem ranking)""}]",,nacional_premium
Auto Esporte,autoesporte.globo.com,Automotivo,Portal nacional de automotivo.,,,,,"[{""atributo"": ""status_curadoria"", ""valor"": ""curadoria_inicial_sem_metricas""}, {""atributo"": ""escopo"", ""valor"": ""Premium nacional (seleção editorial inicial, sem ranking)""}]",,nacional_premium
Quatro Rodas,quatrorodas.abril.com.br,Automotivo,Portal nacional de automotivo.,,,,,"[{""atributo"": ""status_curadoria"", ""valor"": ""curadoria_inicial_sem_metricas""}, {""atributo"": ""escopo"", ""valor"": ""Premium nacional (seleção editorial inicial, sem ranking)""}]",,nacional_premium
Motor1 Brasil,motor1.com,Automotivo,Portal nacional de automotivo.,,,,,"[{""atributo"": ""status_curadoria"", ""valor"": ""curadoria_inicial_sem_metricas""}, {""atributo"": ""escopo"", ""valor"": ""Premium nacional (seleção editorial inicial, sem ranking)""}]",,nacional_premium
Melhores Destinos,melhoresdestinos.com.br,Viagem e turismo,Portal nacional de viagem e turismo.,,,,,"[{""atributo"": ""status_curadoria"", ""valor"": ""curadoria_inicial_sem_metricas""}, {""atributo"": ""escopo"", ""valor"": ""Premium nacional (seleção editorial inicial, sem ranking)""}]",,nacional_premium
Viagem e Turismo,viagemeturismo.abril.com.br,Viagem e turismo,Portal nacional de viagem e turismo.,,,,,"[{""atributo"": ""status_curadoria"", ""valor"": ""curadoria_inicial_sem_metricas""}, {""atributo"": ""escopo"", ""valor"": ""Premium nacional (seleção editorial inicial, sem ranking)""}]",,nacional_premium
Superinteressante,super.abril.com.br,Ciência e educação,Portal nacional de ciência e educação.,,,,,"[{""atributo"": ""status_curadoria"", ""valor"": ""curadoria_inicial_sem_metricas""}, {""atributo"": ""escopo"", ""valor"": ""Premium nacional (seleção editorial inicial, sem ranking)""}]",,nacional_premium
National Geographic Brasil,nationalgeographicbrasil.com,Ciência e educação,Portal nacional de ciência e educação.,,,,,"[{""atributo"": ""status_curadoria"", ""valor"": ""curadoria_inicial_sem_metricas""}, {""atributo"": ""escopo"", ""valor"": ""Premium nacional (seleção editorial inicial, sem ranking)""}]",,nacional_premium
Brasil Escola,brasilescola.uol.com.br,Ciência e educação,Portal nacional de ciência e educação.,,,,,"[{""atributo"": ""status_curadoria"", ""valor"": ""curadoria_inicial_sem_metricas""}, {""atributo"": ""escopo"", ""valor"": ""Premium nacional (seleção editorial inicial, sem ranking)""}]",,nacional_premium
Mundo Educação,mundoeducacao.uol.com.br,Ciência e educação,Portal nacional de ciência e educação.,,,,,"[{""atributo"": ""status_curadoria"", ""valor"": ""curadoria_inicial_sem_metricas""}, {""atributo"": ""escopo"", ""valor"": ""Premium nacional (seleção editorial inicial, sem ranking)""}]",,nacional_premium
Toda Matéria,todamateria.com.br,Ciência e educação,Portal nacional de ciência e educação.,,,,,"[{""atributo"": ""status_curadoria"", ""valor"": ""curadoria_inicial_sem_metricas""}, {""atributo"": ""escopo"", ""valor"": ""Premium nacional (seleção editorial inicial, sem ranking)""}]",,nacional_premium
