snapshot_at,source,channel_slug,channel_name,channel_type,format_key,name,label,width,height,duration,family,kind,best_for,devices,channels,placement_zones,viewer_types,required_elements,optional_elements,forbidden_elements,safe_areas,aliases,commercial_notes
2026-09-15T18:01:28+00:00,channel_catalog,99,99,mobile,story-9x16,Splash Screen,9:16,1080,1920,,,,abertura,"[""mobile"",""app""]","[""mobile""]",[],[],[],[],[],{},[],{}
2026-09-15T18:01:28+00:00,channel_catalog,99,99,mobile,feed-1x1,In-App Ads,In-app,1080,1080,,,,durante a corrida,"[""mobile"",""app""]","[""mobile""]",[],[],[],[],[],{},[],{}
2026-09-15T18:01:28+00:00,channel_catalog,99,99,mobile,feed-1x1,Cupom no app,Cupom,1080,1080,,,,conversão,"[""mobile"",""app""]","[""mobile""]",[],[],[],[],[],{},[],{}
2026-09-15T18:01:28+00:00,channel_catalog,amazon-music,Amazon Music,audio,audio-bar,Audio Ads (spots em streaming),15s/30s,728,90,,,,impacto em momentos de escuta em música e áudio premium no tier com anúncios do Amazon Music,"[""audio"",""mobile"",""desktop"",""tablet"",""ctv""]","[""audio""]",[],[],[],[],[],{},[],{}
2026-09-15T18:01:28+00:00,channel_catalog,amazon-music,Amazon Music,audio,audio-bar,Podcast Audio Ads,15s/30s,728,90,,,,mensagens de marca em ambientes de podcast via inventário Amazon Music/Wondery/APD,"[""audio"",""mobile"",""desktop"",""tablet""]","[""audio""]",[],[],[],[],[],{},[],{}
2026-09-15T18:01:28+00:00,channel_catalog,amazon-music,Amazon Music,audio,audio-bar,Programmatic 3P Audio (via Amazon DSP),Áudio,728,90,,,,"escala e frequência em ecossistema de streaming de áudio além do Amazon Music, em compra única","[""audio"",""mobile"",""desktop"",""tablet"",""ctv""]","[""audio""]",[],[],[],[],[],{},[],{}
2026-09-15T18:01:28+00:00,channel_catalog,amazon-music,Amazon Music,audio,audio-bar,Programmatic 3P Audio (APD/Twitch/Spotify/iHeart/SiriusXM),Áudio,728,90,,,,"escala e frequência em ecossistema de streaming de áudio além do Amazon Music, em compra única","[""audio"",""mobile"",""desktop"",""tablet"",""ctv""]","[""audio""]",[],[],[],[],[],{},[],{}
2026-09-15T18:01:28+00:00,channel_catalog,cnn-brasil,CNN Brasil,portal,iab-medium,Display Ads,300×250,300,250,,,,cobertura em contexto noticioso no portal CNN Brasil,"[""desktop"",""mobile"",""tablet""]","[""portal""]",[],[],[],[],[],{},[],{}
2026-09-15T18:01:28+00:00,channel_catalog,cnn-brasil,CNN Brasil,portal,ctv-16x9,Video Pre-roll,Pre-roll,1920,1080,,,,campanhas em conteúdos de vídeo on-demand e notícias em vídeo no portal,"[""desktop"",""mobile"",""tablet""]","[""portal""]",[],[],[],[],[],{},[],{}
2026-09-15T18:01:28+00:00,channel_catalog,cnn-brasil,CNN Brasil,portal,linkedin-landscape,Branded Content Portal,1.91:1,1200,627,,,,"projetos especiais com narrativa jornalística, séries, webséries e conteúdos patrocinados em verticais temáticas","[""desktop"",""mobile"",""tablet""]","[""portal""]",[],[],[],[],[],{},[],{}
2026-09-15T18:01:28+00:00,channel_catalog,cnn-brasil,CNN Brasil,portal,iab-leaderboard,Native Ads / Conteúdo Patrocinado,728×90,728,90,,,,"integração orgânica em listas, módulos de destaque e áreas de recomendação de conteúdo","[""desktop"",""mobile"",""tablet""]","[""portal""]",[],[],[],[],[],{},[],{}
2026-09-15T18:01:28+00:00,channel_catalog,cnn-brasil,CNN Brasil,portal,iab-medium,Patrocínio de Seções / Verticais,300×250,300,250,,,,"associação de marca a temas específicos como economia, tecnologia, política, esportes","[""desktop"",""mobile"",""tablet""]","[""portal""]",[],[],[],[],[],{},[],{}
2026-09-15T18:01:28+00:00,channel_catalog,cnn-brasil,CNN Brasil,portal,iab-leaderboard,Newsletter Ads,E-mail,728,90,,,,relacionamento recorrente e segmentação de audiência que consome notícias por e-mail,"[""desktop"",""mobile""]","[""portal""]",[],[],[],[],[],{},[],{}
2026-09-15T18:01:28+00:00,channel_catalog,cnn-brasil,CNN Brasil,portal,iab-medium,Shoppable Video / Video Interativo,300×250,300,250,,,,campanhas de performance e branding com compra diretamente em vídeo,"[""desktop"",""mobile"",""ctv""]","[""portal""]",[],[],[],[],[],{},[],{}
2026-09-15T18:01:28+00:00,channel_catalog,deezer,Deezer,audio,audio-bar,Audio Ads,15s/30s,728,90,,,,mensagem em momentos de escuta com atenção plena,"[""audio"",""mobile"",""desktop"",""tablet"",""app""]","[""audio""]",[],[],[],[],[],{},[],{}
2026-09-15T18:01:28+00:00,channel_catalog,deezer,Deezer,audio,iab-medium,Display Banner,300×250,300,250,,,,reforço visual da campanha de áudio,"[""mobile"",""desktop"",""tablet"",""app""]","[""audio""]",[],[],[],[],[],{},[],{}
2026-09-15T18:01:28+00:00,channel_catalog,deezer,Deezer,audio,ctv-16x9,Video / Pre-roll,Pre-roll,1920,1080,,,,impacto de marca no início da sessão de escuta,"[""mobile"",""desktop"",""tablet"",""app""]","[""audio""]",[],[],[],[],[],{},[],{}
2026-09-15T18:01:28+00:00,channel_catalog,deezer,Deezer,audio,audio-bar,Sponsored Editorial Playlist,15s/30s,728,90,,,,associação de marca a playlists curadas de alta afinidade,"[""mobile"",""desktop"",""tablet"",""app""]","[""audio""]",[],[],[],[],[],{},[],{}
2026-09-15T18:01:28+00:00,channel_catalog,deezer,Deezer,audio,audio-bar,Sponsored Session / Escuta Patrocinada,15s/30s,728,90,,,,gerar percepção de marca generosa oferecendo sessão sem anúncios,"[""audio"",""mobile"",""desktop"",""tablet"",""app""]","[""audio""]",[],[],[],[],[],{},[],{}
2026-09-15T18:01:28+00:00,channel_catalog,deezer,Deezer,audio,audio-bar,Sponsored Track,15s/30s,728,90,,,,descoberta imediata e aumento de plays de conteúdo específico,"[""audio"",""mobile"",""desktop"",""tablet"",""app""]","[""audio""]",[],[],[],[],[],{},[],{}
2026-09-15T18:01:28+00:00,channel_catalog,disney-plus,Disney+,ctv,ctv-16x9,Video Ads 15s/30s (pre-roll e mid-roll),16:9,1920,1080,,,,"campanhas em ambiente premium de streaming, em conteúdos on demand e ao vivo","[""ctv""]","[""ctv""]",[],[],[],[],[],{},[],{}
2026-09-15T18:01:28+00:00,channel_catalog,disney-plus,Disney+,ctv,iab-medium,Pause Ads,300×250,300,250,,,,"presença de marca no momento em que o usuário pausa o conteúdo, sem interromper a experiência","[""ctv""]","[""ctv""]",[],[],[],[],[],{},[],{}
2026-09-15T18:01:28+00:00,channel_catalog,disney-plus,Disney+,ctv,iab-medium,Pause+ (Billboard / Trivia / Carousel dentro de Pause Ads),300×250,300,250,,,,"experiências interativas de marca durante a pausa, com unidades mais ricas (billboard, trivia, carrossel)","[""ctv""]","[""ctv""]",[],[],[],[],[],{},[],{}
2026-09-15T18:01:28+00:00,channel_catalog,disney-plus,Disney+,ctv,ctv-16x9,Gateway Go,16:9,1920,1080,,,,"ações de performance ou consideração com oferta/lembrança que o usuário pode acionar via clique, QR code ou notificações","[""ctv"",""mobile""]","[""ctv""]",[],[],[],[],[],{},[],{}
2026-09-15T18:01:28+00:00,channel_catalog,disney-plus,Disney+,ctv,ctv-16x9,Ad Selector,16:9,1920,1080,,,,"campanhas focadas em engajamento, permitindo ao usuário escolher qual criativo assistir","[""ctv""]","[""ctv""]",[],[],[],[],[],{},[],{}
2026-09-15T18:01:28+00:00,channel_catalog,eletromidia,Eletromidia,ooh,iab-billboard,Programática OOH,970×250,970,250,,,,"compra por praça, rede e formato com critérios de audiência","[""ooh""]","[""ooh""]",[],[],[],[],[],{},[],{}
2026-09-15T18:01:28+00:00,channel_catalog,eletromidia,Eletromidia,ooh,iab-billboard,DOOH / inventário digital,DOOH,970,250,,,,circuitos urbanos e ativações em telas digitais,"[""ooh""]","[""ooh""]",[],[],[],[],[],{},[],{}
2026-09-15T18:01:28+00:00,channel_catalog,eletromidia,Eletromidia,ooh,iab-billboard,Projetos especiais / campanhas customizadas,970×250,970,250,,,,"ações sob medida por circuito, praça ou contexto","[""ooh""]","[""ooh""]",[],[],[],[],[],{},[],{}
2026-09-15T18:01:28+00:00,channel_catalog,eletromidia,Eletromidia,ooh,iab-billboard,DOOH,DOOH,970,250,,,,circuito urbano,"[""ooh""]","[""ooh""]",[],[],[],[],[],{},[],{}
2026-09-15T18:01:28+00:00,channel_catalog,eletromidia,Eletromidia,ooh,iab-billboard,Takeover,970×250,970,250,,,,estação e aeroporto,"[""ooh""]","[""ooh""]",[],[],[],[],[],{},[],{}
2026-09-15T18:01:28+00:00,channel_catalog,g1-globo,G1 / Globo.com,portal,iab-medium,Display,300×250,300,250,,,,cobertura nacional,"[""desktop"",""mobile""]","[""portal""]",[],[],[],[],[],{},[],{}
2026-09-15T18:01:28+00:00,channel_catalog,g1-globo,G1 / Globo.com,portal,iab-leaderboard,Native Ads,728×90,728,90,,,,leitura no feed,"[""desktop"",""mobile""]","[""portal""]",[],[],[],[],[],{},[],{}
2026-09-15T18:01:28+00:00,channel_catalog,g1-globo,G1 / Globo.com,portal,iab-billboard,Takeover,970×250,970,250,,,,home de impacto,"[""desktop""]","[""portal""]",[],[],[],[],[],{},[],{}
2026-09-15T18:01:28+00:00,channel_catalog,g1-globo,G1 / Globo.com,portal,ctv-16x9,Video Ads,16:9,1920,1080,,,,player de notícia,"[""desktop"",""mobile""]","[""portal""]",[],[],[],[],[],{},[],{}
2026-09-15T18:01:28+00:00,channel_catalog,g1-globo,G1 / Globo.com,portal,linkedin-landscape,Branded Content,1.91:1,1200,627,,,,reportagem patrocinada,"[""desktop"",""mobile""]","[""portal""]",[],[],[],[],[],{},[],{}
2026-09-15T18:01:28+00:00,channel_catalog,ge-globo-esporte,GE (Globo Esporte),portal,iab-medium,Mídia Display (banners),300×250,300,250,,,,"cobertura contínua em páginas de notícias, placares e editorias de clubes","[""desktop"",""mobile""]","[""portal""]",[],[],[],[],[],{},[],{}
2026-09-15T18:01:28+00:00,channel_catalog,ge-globo-esporte,GE (Globo Esporte),portal,iab-medium,Billboard / topo de página,300×250,300,250,,,,"presença de impacto na home e em grandes coberturas (finais, clássicos, campeonatos)","[""desktop""]","[""portal""]",[],[],[],[],[],{},[],{}
2026-09-15T18:01:28+00:00,channel_catalog,ge-globo-esporte,GE (Globo Esporte),portal,iab-medium,Pré-roll em vídeo (Video Ad),300×250,300,250,,,,"lances, highlights, vídeos de análise e quadros em VOD","[""desktop"",""mobile""]","[""portal""]",[],[],[],[],[],{},[],{}
2026-09-15T18:01:28+00:00,channel_catalog,ge-globo-esporte,GE (Globo Esporte),portal,linkedin-landscape,Conteúdo patrocinado / Branded Content,1.91:1,1200,627,,,,"histórias de marca, ativações de campeonatos, conteúdos especiais com alta contextualização esportiva","[""desktop"",""mobile""]","[""portal""]",[],[],[],[],[],{},[],{}
2026-09-15T18:01:28+00:00,channel_catalog,ge-globo-esporte,GE (Globo Esporte),portal,iab-medium,Patrocínio de editorias / seções,300×250,300,250,,,,"domínio de temas específicos como futebol, tênis, esportes a motor e editorias regionais","[""desktop"",""mobile""]","[""portal""]",[],[],[],[],[],{},[],{}
2026-09-15T18:01:28+00:00,channel_catalog,ge-globo-esporte,GE (Globo Esporte),portal,iab-medium,Soluções multiplataforma GE / GE TV,300×250,300,250,,,,"projetos 360º que integram portal ge, transmissões ao vivo, VOD, videocasts e redes sociais","[""desktop"",""mobile"",""ctv"",""app""]","[""portal""]",[],[],[],[],[],{},[],{}
2026-09-15T18:01:28+00:00,channel_catalog,globoplay,Globoplay,ctv,ctv-16x9,Video Ads,16:9,1920,1080,,,,novela e jornal,"[""ctv"",""mobile""]","[""ctv""]",[],[],[],[],[],{},[],{}
2026-09-15T18:01:28+00:00,channel_catalog,globoplay,Globoplay,ctv,ctv-16x9,Pre-roll,Pre-roll,1920,1080,,,,abertura de capítulo,"[""ctv"",""mobile""]","[""ctv""]",[],[],[],[],[],{},[],{}
2026-09-15T18:01:28+00:00,channel_catalog,globoplay,Globoplay,ctv,ctv-16x9,Mid-roll,Mid-roll,1920,1080,,,,intervalo de jornal,"[""ctv""]","[""ctv""]",[],[],[],[],[],{},[],{}
2026-09-15T18:01:28+00:00,channel_catalog,ifood,iFood,mobile,story-9x16,Splash Screen,9:16,1080,1920,,,,abertura do pedido,"[""mobile"",""app""]","[""mobile""]",[],[],[],[],[],{},[],{}
2026-09-15T18:01:28+00:00,channel_catalog,ifood,iFood,mobile,feed-1x1,In-App Ads,In-app,1080,1080,,,,durante o fluxo,"[""mobile"",""app""]","[""mobile""]",[],[],[],[],[],{},[],{}
2026-09-15T18:01:28+00:00,channel_catalog,ifood,iFood,mobile,iab-mobile,Push Notification,320×50,320,50,,,,cupom e volta,"[""mobile"",""app""]","[""mobile""]",[],[],[],[],[],{},[],{}
2026-09-15T18:01:28+00:00,channel_catalog,infomoney,InfoMoney,portal,iab-medium,"Display Ads (retângulos, banners e formatos de impacto)",300×250,300,250,,,,campanhas de alcance e frequência em conteúdo de finanças e investimentos,"[""desktop"",""mobile"",""tablet"",""app""]","[""portal""]",[],[],[],[],[],{},[],{}
2026-09-15T18:01:28+00:00,channel_catalog,infomoney,InfoMoney,portal,iab-leaderboard,Native Ads (conteúdo integrado e unidades responsivas),728×90,728,90,,,,posicionamento de marca em contexto editorial com leitura aprofundada,"[""desktop"",""mobile""]","[""portal""]",[],[],[],[],[],{},[],{}
2026-09-15T18:01:28+00:00,channel_catalog,infomoney,InfoMoney,portal,linkedin-landscape,Branded Content / MoneyLab (projetos especiais),1.91:1,1200,627,,,,"storytelling de marca, educação financeira e liderança de pensamento","[""desktop"",""mobile"",""tablet"",""app""]","[""portal""]",[],[],[],[],[],{},[],{}
2026-09-15T18:01:28+00:00,channel_catalog,infomoney,InfoMoney,portal,iab-leaderboard,Newsletter (anúncios e patrocínios),E-mail,728,90,,,,relacionamento recorrente com base de assinantes interessados em mercado financeiro,"[""desktop"",""mobile""]","[""portal""]",[],[],[],[],[],{},[],{}
2026-09-15T18:01:28+00:00,channel_catalog,infomoney,InfoMoney,portal,ctv-16x9,Webinars / programas de vídeo e eventos digitais,Webinar,1920,1080,,,,geração de leads qualificados e aprofundamento em temas financeiros com interação,"[""desktop"",""mobile""]","[""portal""]",[],[],[],[],[],{},[],{}
2026-09-15T18:01:28+00:00,channel_catalog,infomoney,InfoMoney,portal,iab-medium,Patrocínios de canal e homepage / fundos de página de alto impacto,300×250,300,250,,,,posicionamento institucional e presença dominante em ambientes-chave do portal,"[""desktop""]","[""portal""]",[],[],[],[],[],{},[],{}
2026-09-15T18:01:28+00:00,channel_catalog,instagram,Instagram,social,story-9x16,Stories,9:16,1080,1920,,,,alcance diário,"[""mobile""]","[""social""]",[],[],[],[],[],{},[],{}
2026-09-15T18:01:28+00:00,channel_catalog,instagram,Instagram,social,story-9x16,Reels,9:16,1080,1920,,,,descoberta,"[""mobile""]","[""social""]",[],[],[],[],[],{},[],{}
2026-09-15T18:01:28+00:00,channel_catalog,instagram,Instagram,social,feed-1x1,Feed Ads,1:1,1080,1080,,,,consideração,"[""mobile""]","[""social""]",[],[],[],[],[],{},[],{}
2026-09-15T18:01:28+00:00,channel_catalog,instagram,Instagram,social,feed-1x1,Shopping,1:1,1080,1080,,,,catálogo,"[""mobile""]","[""social""]",[],[],[],[],[],{},[],{}
2026-09-15T18:01:28+00:00,channel_catalog,interativos,Interativos,interativo,iab-medium,Cube,300×250,300,250,,,,"storytelling, produto","[""desktop"",""mobile""]","[""interativo""]",[],[],[],[],[],{},[],"{""taxa"":""3-6%"",""tempo"":""15-30s"",""extra"":""4x vs display""}"
2026-09-15T18:01:28+00:00,channel_catalog,interativos,Interativos,interativo,iab-medium,Scratch,300×250,300,250,,,,"cupom, gamificação","[""desktop"",""mobile""]","[""interativo""]",[],[],[],[],[],{},[],"{""taxa"":""5-10%"",""tempo"":""10-20s"",""extra"":""6x vs display""}"
2026-09-15T18:01:28+00:00,channel_catalog,interativos,Interativos,interativo,iab-medium,Hot Spots,300×250,300,250,,,,"imóveis, decoração","[""desktop"",""mobile""]","[""interativo""]",[],[],[],[],[],{},[],"{""taxa"":""3-6%"",""tempo"":""15-30s""}"
2026-09-15T18:01:28+00:00,channel_catalog,interativos,Interativos,interativo,iab-medium,360° Viewer,300×250,300,250,,,,"imóveis, turismo","[""desktop"",""mobile""]","[""interativo""]",[],[],[],[],[],{},[],"{""taxa"":""4-7%"",""tempo"":""20-40s"",""extra"":""5x vs display""}"
2026-09-15T18:01:28+00:00,channel_catalog,interativos,Interativos,interativo,iab-medium,Poll / Quiz,300×250,300,250,,,,first-party data,"[""desktop"",""mobile""]","[""interativo""]",[],[],[],[],[],{},[],"{""taxa"":""6-12%"",""tempo"":""15-30s"",""extra"":""8x vs display""}"
2026-09-15T18:01:28+00:00,channel_catalog,interativos,Interativos,interativo,iab-medium,Countdown,300×250,300,250,,,,lançamentos,"[""desktop"",""mobile""]","[""interativo""]",[],[],[],[],[],{},[],"{""taxa"":""2-4%"",""tempo"":""5-10s""}"
2026-09-15T18:01:28+00:00,channel_catalog,interativos,Interativos,interativo,ctv-16x9,Video Interactive,16:9,1920,1080,,,,demo,"[""ctv"",""mobile""]","[""interativo""]",[],[],[],[],[],{},[],"{""taxa"":""4-8%"",""tempo"":""20-45s"",""extra"":""5x vs display""}"
2026-09-15T18:01:28+00:00,channel_catalog,kwai,Kwai,social,feed-1x1,In-feed,1:1,1080,1080,,,,massa classe C,"[""mobile""]","[""social""]",[],[],[],[],[],{},[],{}
2026-09-15T18:01:28+00:00,channel_catalog,kwai,Kwai,social,story-9x16,Splash,9:16,1080,1920,,,,abertura do app,"[""mobile""]","[""social""]",[],[],[],[],[],{},[],{}
2026-09-15T18:01:28+00:00,channel_catalog,linkedin,LinkedIn,social,linkedin-landscape,Sponsored Content (Single image / Carousel / Video / Document / Event / Thought Leader etc.),1.91:1,1200,627,,,,"Awareness e consideração B2B no feed profissional; promoção de conteúdo, eventos, documentos e geração de leads via Lead Gen Forms","[""desktop"",""mobile"",""tablet"",""app""]","[""social""]",[],[],[],[],[],{},[],{}
2026-09-15T18:01:28+00:00,channel_catalog,linkedin,LinkedIn,social,feed-4x5,Sponsored Messaging (Message Ads e Conversation Ads),Inbox,1080,1350,,,,"Contato direto 1:1 em inbox, nutrição de leads, convites para eventos, demos e ofertas B2B","[""desktop"",""mobile"",""app""]","[""social""]",[],[],[],[],[],{},[],{}
2026-09-15T18:01:28+00:00,channel_catalog,linkedin,LinkedIn,social,feed-1x1,"Dynamic Ads (Follower Ads, Spotlight Ads, Jobs Ads)",1:1,1080,1080,,,,"Crescimento de seguidores de página, promoção de vagas e tráfego para site com criativos personalizados por perfil","[""desktop""]","[""social""]",[],[],[],[],[],{},[],{}
2026-09-15T18:01:28+00:00,channel_catalog,linkedin,LinkedIn,social,iab-leaderboard,Text Ads,Texto,728,90,,,,Performance e tráfego B2B de baixo custo em inventário de sidebar/topo em desktop,"[""desktop""]","[""social""]",[],[],[],[],[],{},[],{}
2026-09-15T18:01:28+00:00,channel_catalog,linkedin,LinkedIn,social,feed-1x1,Connected TV Ads,1:1,1080,1080,,,,Awareness B2B em ambiente de TV conectada com segmentação profissional do LinkedIn,"[""ctv""]","[""social""]",[],[],[],[],[],{},[],{}
2026-09-15T18:01:28+00:00,channel_catalog,linkedin,LinkedIn,social,feed-1x1,LinkedIn Audience Network (Single image / Carousel / Video fora do LinkedIn),1:1,1080,1080,,,,Extensão de alcance B2B em sites e apps de terceiros usando criativos de Sponsored Content,"[""mobile"",""desktop"",""tablet"",""app""]","[""social""]",[],[],[],[],[],{},[],{}
2026-09-15T18:01:28+00:00,channel_catalog,logan,Logan,ooh,iab-billboard,Mídia em veículo,970×250,970,250,,,,trajeto,"[""ooh""]","[""ooh""]",[],[],[],[],[],{},[],{}
2026-09-15T18:01:28+00:00,channel_catalog,logan,Logan,ooh,iab-billboard,Circuitos urbanos,970×250,970,250,,,,rota e cidade,"[""ooh""]","[""ooh""]",[],[],[],[],[],{},[],{}
2026-09-15T18:01:28+00:00,channel_catalog,logan,Logan,ooh,iab-billboard,DOOH mobile,DOOH,970,250,,,,apoio digital,"[""ooh"",""mobile""]","[""ooh""]",[],[],[],[],[],{},[],{}
2026-09-15T18:01:28+00:00,channel_catalog,hbo-max,Max (HBO),ctv,ctv-16x9,Video Ads,16:9,1920,1080,,,,branding em streaming premium,"[""ctv""]","[""ctv""]",[],[],[],[],[],{},[],{}
2026-09-15T18:01:28+00:00,channel_catalog,hbo-max,Max (HBO),ctv,ctv-16x9,Pre-roll,Pre-roll,1920,1080,,,,impacto de abertura,"[""ctv""]","[""ctv""]",[],[],[],[],[],{},[],{}
2026-09-15T18:01:28+00:00,channel_catalog,hbo-max,Max (HBO),ctv,ctv-16x9,Mid-roll,Mid-roll,1920,1080,,,,captura de atenção durante consumo longo,"[""ctv""]","[""ctv""]",[],[],[],[],[],{},[],{}
2026-09-15T18:01:28+00:00,channel_catalog,hbo-max,Max (HBO),ctv,iab-medium,Pause ads,300×250,300,250,,,,mensagem de alta lembrança em pausa,"[""ctv""]","[""ctv""]",[],[],[],[],[],{},[],{}
2026-09-15T18:01:28+00:00,channel_catalog,hbo-max,Max (HBO),ctv,iab-billboard,Takeover,970×250,970,250,,,,domínio de um conteúdo/abertura do dia,"[""ctv""]","[""ctv""]",[],[],[],[],[],{},[],{}
2026-09-15T18:01:28+00:00,channel_catalog,hbo-max,Max (HBO),ctv,ctv-16x9,Brand Block,16:9,1920,1080,,,,exclusividade em conteúdo,"[""ctv""]","[""ctv""]",[],[],[],[],[],{},[],{}
2026-09-15T18:01:28+00:00,channel_catalog,hbo-max,Max (HBO),ctv,ctv-16x9,Sequential Ads,16:9,1920,1080,,,,narrativa sequencial em campanhas,"[""ctv""]","[""ctv""]",[],[],[],[],[],{},[],{}
2026-09-15T18:01:28+00:00,channel_catalog,netflix,Netflix,ctv,ctv-16x9,Video Ads (pre-roll/mid-roll),16:9,1920,1080,,,,video branding em conteúdos sob demanda,"[""ctv"",""mobile"",""desktop"",""tablet"",""app""]","[""ctv""]",[],[],[],[],[],{},[],{}
2026-09-15T18:01:28+00:00,channel_catalog,netflix,Netflix,ctv,iab-medium,Pause Ads,300×250,300,250,,,,presença de marca em momentos de pausa do usuário,"[""ctv"",""mobile"",""desktop"",""tablet"",""app""]","[""ctv""]",[],[],[],[],[],{},[],{}
2026-09-15T18:01:28+00:00,channel_catalog,netflix,Netflix,ctv,ctv-16x9,Pre-roll,Pre-roll,1920,1080,,,,abertura de sessão,"[""ctv""]","[""ctv""]",[],[],[],[],[],{},[],{}
2026-09-15T18:01:28+00:00,channel_catalog,paramount-plus,Paramount+,ctv,iab-medium,Pause Ads,300×250,300,250,,,,momentos de pausa no streaming em tela de TV,"[""ctv""]","[""ctv""]",[],[],[],[],[],{},[],{}
2026-09-15T18:01:28+00:00,channel_catalog,paramount-plus,Paramount+,ctv,ctv-16x9,Pre-roll,Pre-roll,1920,1080,,,,abertura de conteúdo em streaming,"[""ctv""]","[""ctv""]",[],[],[],[],[],{},[],{}
2026-09-15T18:01:28+00:00,channel_catalog,paramount-plus,Paramount+,ctv,ctv-16x9,Video Ads,16:9,1920,1080,,,,vídeo em conteúdo premium de streaming,"[""ctv""]","[""ctv""]",[],[],[],[],[],{},[],{}
2026-09-15T18:01:28+00:00,channel_catalog,paramount-plus,Paramount+,ctv,linkedin-landscape,Branded Content,1.91:1,1200,627,,,,projetos customizados com conteúdo premium,"[""ctv""]","[""ctv""]",[],[],[],[],[],{},[],{}
2026-09-15T18:01:28+00:00,channel_catalog,podcast-ads,Podcast Ads (Rede),audio,audio-bar,Audio ads,15s/30s,728,90,,,,alcance em podcasts via compra automatizada ou reservada,"[""audio"",""mobile"",""app"",""desktop"",""tablet""]","[""audio""]",[],[],[],[],[],{},[],{}
2026-09-15T18:01:28+00:00,channel_catalog,podcast-ads,Podcast Ads (Rede),audio,audio-bar,Host-read / testemunhal,Host-read,728,90,,,,credibilidade do host e integração editorial,"[""audio"",""mobile"",""app""]","[""audio""]",[],[],[],[],[],{},[],{}
2026-09-15T18:01:28+00:00,channel_catalog,podcast-ads,Podcast Ads (Rede),audio,audio-bar,Anúncio inserido dinamicamente,15s/30s,728,90,,,,escala com segmentação e substituição ao longo do tempo,"[""audio"",""mobile"",""app"",""desktop"",""tablet""]","[""audio""]",[],[],[],[],[],{},[],{}
2026-09-15T18:01:28+00:00,channel_catalog,prime-video,Prime Video,ctv,ctv-16x9,Video Ads,16:9,1920,1080,,,,branding no Prime,"[""ctv"",""mobile""]","[""ctv""]",[],[],[],[],[],{},[],{}
2026-09-15T18:01:28+00:00,channel_catalog,prime-video,Prime Video,ctv,ctv-16x9,Pre-roll,Pre-roll,1920,1080,,,,abertura de título,"[""ctv""]","[""ctv""]",[],[],[],[],[],{},[],{}
2026-09-15T18:01:28+00:00,channel_catalog,prime-video,Prime Video,ctv,iab-medium,Pause Ads,300×250,300,250,,,,marca no intervalo,"[""ctv""]","[""ctv""]",[],[],[],[],[],{},[],{}
2026-09-15T18:01:28+00:00,channel_catalog,r7,R7,portal,iab-medium,Retângulo (300x250),300×250,300,250,,,,cobertura em home e internas do portal,"[""desktop"",""mobile"",""tablet""]","[""portal""]",[],[],[],[],[],{},[],{}
2026-09-15T18:01:28+00:00,channel_catalog,r7,R7,portal,iab-medium,Billboard (970x250),300×250,300,250,,,,impacto em áreas de topo,"[""desktop""]","[""portal""]",[],[],[],[],[],{},[],{}
2026-09-15T18:01:28+00:00,channel_catalog,r7,R7,portal,iab-medium,Super Banner / Stick Ad (728x90),300×250,300,250,,,,visibilidade em topo de páginas e formato fixo,"[""desktop""]","[""portal""]",[],[],[],[],[],{},[],{}
2026-09-15T18:01:28+00:00,channel_catalog,r7,R7,portal,iab-medium,Banner Mobile (320x50),300×250,300,250,,,,presença em navegação mobile,"[""mobile""]","[""portal""]",[],[],[],[],[],{},[],{}
2026-09-15T18:01:28+00:00,channel_catalog,r7,R7,portal,iab-leaderboard,Native Advertising / Native com vídeo,728×90,728,90,,,,integração com conteúdo editorial em páginas do portal,"[""desktop"",""mobile""]","[""portal""]",[],[],[],[],[],{},[],{}
2026-09-15T18:01:28+00:00,channel_catalog,r7,R7,portal,iab-medium,Half Page (300x600),300×250,300,250,,,,impacto vertical em páginas de conteúdo,"[""desktop""]","[""portal""]",[],[],[],[],[],{},[],{}
2026-09-15T18:01:28+00:00,channel_catalog,r7,R7,portal,iab-medium,Galeria de Fotos,300×250,300,250,,,,presença em ambientes de galeria de imagens,"[""desktop""]","[""portal""]",[],[],[],[],[],{},[],{}
2026-09-15T18:01:28+00:00,channel_catalog,r7,R7,portal,iab-billboard,Intervenção padrão (takeover de home),970×250,970,250,,,,takeover de homepage por período determinado,"[""desktop"",""mobile""]","[""portal""]",[],[],[],[],[],{},[],{}
2026-09-15T18:01:28+00:00,channel_catalog,r7,R7,portal,linkedin-landscape,Conteúdo / Branded Content (R7 Estúdio),1.91:1,1200,627,,,,projetos especiais de conteúdo multimídia no portal e redes,"[""desktop"",""mobile""]","[""portal""]",[],[],[],[],[],{},[],{}
2026-09-15T18:01:28+00:00,channel_catalog,r7,R7,portal,linkedin-landscape,"Conteúdo / Branded Content (R7 Estúdio, conteúdos patrocinados)",1.91:1,1200,627,,,,projetos especiais de conteúdo multimídia no portal e redes,"[""desktop"",""mobile""]","[""portal""]",[],[],[],[],[],{},[],{}
2026-09-15T18:01:28+00:00,channel_catalog,samsung-tv-plus,Samsung TV Plus,ctv,ctv-16x9,Video Ads,16:9,1920,1080,,,,FAST sem assinatura,"[""ctv""]","[""ctv""]",[],[],[],[],[],{},[],{}
2026-09-15T18:01:28+00:00,channel_catalog,samsung-tv-plus,Samsung TV Plus,ctv,iab-medium,Pause Ads,300×250,300,250,,,,marca no canal FAST,"[""ctv""]","[""ctv""]",[],[],[],[],[],{},[],{}
2026-09-15T18:01:28+00:00,channel_catalog,sbt,SBT,portal,iab-medium,Display Ads,300×250,300,250,,,,"cobertura ampla em conteúdo de notícias, entretenimento e esportes no portal e ambiente digital do SBT","[""desktop"",""mobile"",""tablet""]","[""portal""]",[],[],[],[],[],{},[],{}
2026-09-15T18:01:28+00:00,channel_catalog,sbt,SBT,portal,ctv-16x9,Video Ads / Pre-roll,16:9,1920,1080,,,,"campanhas em vídeo em conteúdo de notícias e entretenimento, incluindo streaming +SBT e SBT News","[""desktop"",""mobile"",""ctv"",""app""]","[""portal""]",[],[],[],[],[],{},[],{}
2026-09-15T18:01:28+00:00,channel_catalog,sbt,SBT,portal,iab-leaderboard,Native Ads,728×90,728,90,,,,mensagens de marca integradas a conteúdo editorial de notícias e entretenimento,"[""desktop"",""mobile"",""tablet""]","[""portal""]",[],[],[],[],[],{},[],{}
2026-09-15T18:01:28+00:00,channel_catalog,sbt,SBT,portal,linkedin-landscape,Branded Content,1.91:1,1200,627,,,,projetos especiais com integração de marca em conteúdos e programas do SBT em ambiente digital,"[""desktop"",""mobile"",""ctv"",""app""]","[""portal""]",[],[],[],[],[],{},[],{}
2026-09-15T18:01:28+00:00,channel_catalog,sbt,SBT,portal,iab-medium,Projetos Copa 2026 (digital),300×250,300,250,,,,campanhas de grande alcance associadas à transmissão e cobertura digital da Copa do Mundo 2026,"[""desktop"",""mobile"",""ctv"",""app""]","[""portal""]",[],[],[],[],[],{},[],{}
2026-09-15T18:01:28+00:00,channel_catalog,sbt,SBT,portal,iab-medium,Display Ads (banners no portal SBT / SBT News),300×250,300,250,,,,"cobertura ampla em conteúdo de notícias, entretenimento e esportes no portal e ambiente digital do SBT","[""desktop"",""mobile"",""tablet""]","[""portal""]",[],[],[],[],[],{},[],{}
2026-09-15T18:01:28+00:00,channel_catalog,sbt,SBT,portal,ctv-16x9,Video Ads / Pre-roll em player de vídeo,16:9,1920,1080,,,,"campanhas em vídeo em conteúdo de notícias e entretenimento, incluindo streaming +SBT e SBT News","[""desktop"",""mobile"",""ctv"",""app""]","[""portal""]",[],[],[],[],[],{},[],{}
2026-09-15T18:01:28+00:00,channel_catalog,sbt,SBT,portal,iab-leaderboard,Native Ads / Conteúdo patrocinado em portal,728×90,728,90,,,,mensagens de marca integradas a conteúdo editorial de notícias e entretenimento,"[""desktop"",""mobile"",""tablet""]","[""portal""]",[],[],[],[],[],{},[],{}
2026-09-15T18:01:28+00:00,channel_catalog,sbt,SBT,portal,linkedin-landscape,Branded Content digital,1.91:1,1200,627,,,,projetos especiais com integração de marca em conteúdos e programas do SBT em ambiente digital,"[""desktop"",""mobile"",""ctv"",""app""]","[""portal""]",[],[],[],[],[],{},[],{}
2026-09-15T18:01:28+00:00,channel_catalog,sbt,SBT,portal,iab-medium,Projetos especiais ligados à Copa do Mundo 2026 (digital),300×250,300,250,,,,campanhas de grande alcance associadas à transmissão e cobertura digital da Copa do Mundo 2026,"[""desktop"",""mobile"",""ctv"",""app""]","[""portal""]",[],[],[],[],[],{},[],{}
2026-09-15T18:01:28+00:00,channel_catalog,experian-portal,Serasa,portal,iab-medium,Display,300×250,300,250,,,,intenção no portal,"[""desktop"",""mobile""]","[""portal""]",[],[],[],[],[],{},[],{}
2026-09-15T18:01:28+00:00,channel_catalog,experian-portal,Serasa,portal,iab-leaderboard,Native Ads,728×90,728,90,,,,conteúdo de crédito,"[""desktop"",""mobile""]","[""portal""]",[],[],[],[],[],{},[],{}
2026-09-15T18:01:28+00:00,channel_catalog,experian-dmp,Serasa Data (DMP),data,iab-leaderboard,Custom segments,Segmento,728,90,,,,ativar em mídia,"[""desktop"",""mobile"",""ctv""]","[""data""]",[],[],[],[],[],{},[],{}
2026-09-15T18:01:28+00:00,channel_catalog,experian-dmp,Serasa Data (DMP),data,iab-leaderboard,Lookalike,Lookalike,728,90,,,,escala da base,"[""desktop"",""mobile""]","[""data""]",[],[],[],[],[],{},[],{}
2026-09-15T18:01:28+00:00,channel_catalog,experian-dmp,Serasa Data (DMP),data,iab-leaderboard,Data enrichment,CRM match,728,90,,,,CRM match,"[""desktop""]","[""data""]",[],[],[],[],[],{},[],{}
2026-09-15T18:01:28+00:00,channel_catalog,spotify,Spotify,audio,audio-bar,Audio Ads (Music & Podcasts / Audio Everywhere),15s/30s,728,90,,,,cobertura em escala em música e podcasts com presença constante de marca entre faixas de áudio,"[""audio"",""mobile"",""desktop"",""tablet"",""app""]","[""audio""]",[],[],[],[],[],{},[],{}
2026-09-15T18:01:28+00:00,channel_catalog,spotify,Spotify,audio,iab-billboard,Video Ads (Video Takeover / Mobile Overlay),970×250,970,250,,,,impacto visual com som ligado em momentos de tela ativa dentro do app,"[""mobile"",""desktop"",""tablet"",""app""]","[""audio""]",[],[],[],[],[],{},[],{}
2026-09-15T18:01:28+00:00,channel_catalog,spotify,Spotify,audio,audio-bar,Sponsored Session,15s/30s,728,90,,,,"troca clara de valor para brand awareness e consideração, oferecendo sessão sem anúncios após ver o vídeo","[""mobile"",""app""]","[""audio""]",[],[],[],[],[],{},[],{}
2026-09-15T18:01:28+00:00,channel_catalog,spotify,Spotify,audio,audio-bar,Sponsored Playlist,Playlist,728,90,,,,associação prolongada da marca a playlists de alto consumo em momentos de uso recorrente,"[""mobile"",""desktop"",""tablet"",""app"",""audio""]","[""audio""]",[],[],[],[],[],{},[],{}
2026-09-15T18:01:28+00:00,channel_catalog,spotify,Spotify,audio,audio-bar,Podcast Ads,Podcast,728,90,,,,afinidade e profundidade de mensagem em conteúdos de nicho e audiências engajadas,"[""audio"",""mobile"",""desktop"",""tablet"",""app""]","[""audio""]",[],[],[],[],[],{},[],{}
2026-09-15T18:01:28+00:00,channel_catalog,techtudo,TechTudo,portal,iab-medium,Display,300×250,300,250,,,,campanhas de performance e awareness em páginas de conteúdo tech,"[""desktop"",""mobile""]","[""portal""]",[],[],[],[],[],{},[],{}
2026-09-15T18:01:28+00:00,channel_catalog,techtudo,TechTudo,portal,iab-leaderboard,Native Ads,728×90,728,90,,,,conteúdo patrocinado com integração editorial,"[""desktop"",""mobile""]","[""portal""]",[],[],[],[],[],{},[],{}
2026-09-15T18:01:28+00:00,channel_catalog,techtudo,TechTudo,portal,linkedin-landscape,Branded Content,1.91:1,1200,627,,,,ações de conteúdo e aprofundamento de marca,"[""desktop"",""mobile""]","[""portal""]",[],[],[],[],[],{},[],{}
2026-09-15T18:01:28+00:00,channel_catalog,techtudo,TechTudo,portal,iab-medium,Reviews patrocinados,300×250,300,250,,,,lançamentos e consideração de compra,"[""desktop"",""mobile""]","[""portal""]",[],[],[],[],[],{},[],{}
2026-09-15T18:01:28+00:00,channel_catalog,techtudo,TechTudo,portal,iab-medium,Video,300×250,300,250,,,,awareness e demonstração de produto,"[""desktop"",""mobile""]","[""portal""]",[],[],[],[],[],{},[],{}
2026-09-15T18:01:28+00:00,channel_catalog,tiktok,TikTok,social,feed-1x1,In-Feed Ads,1:1,1080,1080,,,,alcance contínuo e descoberta no feed Para Você,"[""mobile"",""app""]","[""social""]",[],[],[],[],[],{},[],{}
2026-09-15T18:01:28+00:00,channel_catalog,tiktok,TikTok,social,story-9x16,TopView,9:16,1080,1920,,,,alto impacto em lançamento e awareness,"[""mobile"",""app""]","[""social""]",[],[],[],[],[],{},[],{}
2026-09-15T18:01:28+00:00,channel_catalog,tiktok,TikTok,social,iab-billboard,Brand Takeover,970×250,970,250,,,,takeover de abertura com 100% da tela,"[""mobile"",""app""]","[""social""]",[],[],[],[],[],{},[],{}
2026-09-15T18:01:28+00:00,channel_catalog,tiktok,TikTok,social,story-9x16,Spark Ads,9:16,1080,1920,,,,impulsionar conteúdo orgânico de marca ou creators,"[""mobile"",""app""]","[""social""]",[],[],[],[],[],{},[],{}
2026-09-15T18:01:28+00:00,channel_catalog,tiktok,TikTok,social,story-9x16,Branded Hashtag Challenge,9:16,1080,1920,,,,ativação participativa e UGC em larga escala,"[""mobile"",""app""]","[""social""]",[],[],[],[],[],{},[],{}
2026-09-15T18:01:28+00:00,channel_catalog,tiktok,TikTok,social,story-9x16,Branded Effects,Efeito,1080,1920,,,,engajamento interativo e lembrança de marca,"[""mobile"",""app""]","[""social""]",[],[],[],[],[],{},[],{}
2026-09-15T18:01:28+00:00,channel_catalog,tiktok,TikTok,social,iab-leaderboard,Search Ads,Busca,728,90,,,,capturar intenção em buscas dentro do TikTok,"[""mobile"",""app""]","[""social""]",[],[],[],[],[],{},[],{}
2026-09-15T18:01:28+00:00,channel_catalog,tudogostoso,TudoGostoso,portal,iab-medium,Display,300×250,300,250,,,,receita,"[""desktop"",""mobile""]","[""portal""]",[],[],[],[],[],{},[],{}
2026-09-15T18:01:28+00:00,channel_catalog,tudogostoso,TudoGostoso,portal,feed-4x5,Branded recipes,Receita,1080,1350,,,,marca na cozinha,"[""mobile""]","[""portal""]",[],[],[],[],[],{},[],{}
2026-09-15T18:01:28+00:00,channel_catalog,tudogostoso,TudoGostoso,portal,iab-leaderboard,Native Ads,728×90,728,90,,,,feed de receita,"[""mobile""]","[""portal""]",[],[],[],[],[],{},[],{}
2026-09-15T18:01:28+00:00,channel_catalog,twitch,Twitch,gaming,ctv-16x9,Video Ads (pre-roll e mid-roll em live stream),16:9,1920,1080,,,,awareness em transmissão ao vivo,"[""desktop"",""mobile"",""tablet"",""ctv""]","[""gaming""]",[],[],[],[],[],{},[],{}
2026-09-15T18:01:28+00:00,channel_catalog,twitch,Twitch,gaming,iab-medium,Display SDA (banner no terço inferior da tela),300×250,300,250,,,,presença de marca durante a live,"[""desktop""]","[""gaming""]",[],[],[],[],[],{},[],{}
2026-09-15T18:01:28+00:00,channel_catalog,twitch,Twitch,gaming,iab-medium,Display Homepage (Headliner / Super Leaderboard / Retângulo médio),300×250,300,250,,,,impacto em navegação e descoberta,"[""desktop"",""mobile""]","[""gaming""]",[],[],[],[],[],{},[],{}
2026-09-15T18:01:28+00:00,channel_catalog,twitch,Twitch,gaming,feed-1x1,Mid‑feed Ads (imagem vertical em feed mobile),1:1,1080,1080,,,,impacto em navegação no app,"[""mobile""]","[""gaming""]",[],[],[],[],[],{},[],{}
2026-09-15T18:01:28+00:00,channel_catalog,twitch,Twitch,gaming,linkedin-landscape,Branded Content / Patrocínio de streamers,1.91:1,1200,627,,,,associação de marca com criadores e comunidades,"[""desktop"",""mobile"",""tablet"",""ctv"",""app""]","[""gaming""]",[],[],[],[],[],{},[],{}
2026-09-15T18:01:28+00:00,channel_catalog,uber,Uber,mobile,story-9x16,Splash,9:16,1080,1920,,,,abertura da corrida,"[""mobile"",""app""]","[""mobile""]",[],[],[],[],[],{},[],{}
2026-09-15T18:01:28+00:00,channel_catalog,uber,Uber,mobile,feed-1x1,In-App Ads,In-app,1080,1080,,,,durante o deslocamento,"[""mobile"",""app""]","[""mobile""]",[],[],[],[],[],{},[],{}
2026-09-15T18:01:28+00:00,channel_catalog,uber,Uber,mobile,iab-leaderboard,Receipt Ads,Recibo,728,90,,,,leitura no recibo,"[""mobile""]","[""mobile""]",[],[],[],[],[],{},[],{}
2026-09-15T18:01:28+00:00,channel_catalog,uol,UOL,portal,iab-medium,"Display IAB (retângulos, super banner, skyscraper, rich media)",300×250,300,250,,,,alcance e presença em portais UOL,"[""desktop"",""mobile""]","[""portal""]",[],[],[],[],[],{},[],{}
2026-09-15T18:01:28+00:00,channel_catalog,uol,UOL,portal,iab-billboard,Alto impacto / Takeover de Home,970×250,970,250,,,,impacto de marca em Home UOL e grandes lançamentos,"[""desktop"",""mobile""]","[""portal""]",[],[],[],[],[],{},[],{}
2026-09-15T18:01:28+00:00,channel_catalog,uol,UOL,portal,ctv-16x9,"Vídeo em player (pre-roll, pos-roll, in-article, floating)",Pre-roll,1920,1080,,,,engajamento em conteúdo de vídeo UOL,"[""desktop"",""mobile""]","[""portal""]",[],[],[],[],[],{},[],{}
2026-09-15T18:01:28+00:00,channel_catalog,uol,UOL,portal,iab-leaderboard,Native Ads / anúncios integrados ao conteúdo,728×90,728,90,,,,promoção de conteúdo e performance,"[""desktop"",""mobile""]","[""portal""]",[],[],[],[],[],{},[],{}
2026-09-15T18:01:28+00:00,channel_catalog,uol,UOL,portal,linkedin-landscape,Projeto de conteúdo / branded content UOL,1.91:1,1200,627,,,,"storytelling, consideração e construção de marca","[""desktop"",""mobile"",""audio""]","[""portal""]",[],[],[],[],[],{},[],{}
2026-09-15T18:01:28+00:00,channel_catalog,uol,UOL,portal,iab-leaderboard,Newsletter e e-mail UOL,E-mail,728,90,,,,relacionamento recorrente e segmentação de audiência,"[""desktop"",""mobile""]","[""portal""]",[],[],[],[],[],{},[],{}
2026-09-15T18:01:28+00:00,channel_catalog,youtube,YouTube,video,ctv-16x9,In-stream pulável (TrueView),In-stream,1920,1080,,,,alcance eficiente e consideração (views qualificados),"[""ctv"",""mobile"",""desktop"",""tablet"",""app""]","[""video""]",[],[],[],[],[],{},[],{}
2026-09-15T18:01:28+00:00,channel_catalog,youtube,YouTube,video,ctv-16x9,In-stream não pulável,16:9,1920,1080,,,,reconhecimento de marca e mensagem completa,"[""ctv"",""mobile"",""desktop"",""tablet"",""app""]","[""video""]",[],[],[],[],[],{},[],{}
2026-09-15T18:01:28+00:00,channel_catalog,youtube,YouTube,video,ctv-16x9,Bumper 6s,6s,1920,1080,,,,awareness rápido e reforço de mensagem,"[""ctv"",""mobile"",""desktop"",""tablet"",""app""]","[""video""]",[],[],[],[],[],{},[],{}
2026-09-15T18:01:28+00:00,channel_catalog,youtube,YouTube,video,feed-4x5,In-feed (Discovery),4:5,1080,1350,,,,consideração e descoberta de conteúdo,"[""mobile"",""desktop"",""tablet"",""app""]","[""video""]",[],[],[],[],[],{},[],{}
2026-09-15T18:01:28+00:00,channel_catalog,youtube,YouTube,video,story-9x16,Shorts Ads (vídeo vertical),9:16,1080,1920,,,,alcance mobile-first e engajamento em vídeo curto,"[""mobile"",""app""]","[""video""]",[],[],[],[],[],{},[],{}
2026-09-15T18:01:28+00:00,channel_catalog,youtube,YouTube,video,iab-billboard,Masthead (Home Takeover),Masthead,970,250,,,,"lançamento, alto alcance em curto período","[""ctv"",""mobile"",""desktop"",""tablet"",""app""]","[""video""]",[],[],[],[],[],{},[],{}
2026-09-15T18:01:28+00:00,creative_registry,,,,iab-billboard,Billboard,Billboard,970,250,,rich-display,banner,,"[""desktop""]","[""portal"",""programmatic""]","[""leaderboard""]","[""portal"",""isolated""]","[""logo"",""headline"",""cta""]","[""product"",""support"",""legal""]","[""ctv_button"",""site_menu"",""social_reactions"",""portal_chrome"",""social_reactions""]","{""inset_pct"":0}","[""billboard"",""iab-billboard-970x250""]",{}
2026-09-15T18:01:28+00:00,creative_registry,,,,iab-leaderboard,Leaderboard,Leaderboard,728,90,,compact-display,banner,,"[""desktop"",""mobile""]","[""portal"",""programmatic""]","[""leaderboard"",""sticky""]","[""portal"",""isolated""]","[""logo"",""headline"",""cta""]",[],"[""ctv_button"",""site_menu"",""social_reactions"",""product"",""lifestyle"",""legal"",""portal_chrome"",""social_reactions""]","{""inset_pct"":0}","[""leaderboard""]",{}
2026-09-15T18:01:28+00:00,creative_registry,,,,iab-medium,Medium rectangle,Medium rectangle,300,250,,standard-display,banner,,"[""desktop"",""mobile""]","[""portal"",""programmatic""]","[""in_feed""]","[""portal"",""isolated""]","[""logo"",""headline"",""cta""]","[""product"",""lifestyle""]","[""ctv_button"",""site_menu"",""social_reactions"",""portal_chrome"",""social_reactions""]","{""inset_pct"":0}","[""iab-medium-rectangle"",""iab-banner"",""medium-rectangle""]",{}
2026-09-15T18:01:28+00:00,creative_registry,,,,iab-halfpage,Half page,Half page,300,600,,rich-display,banner,,"[""desktop""]","[""portal"",""programmatic""]","[""rail""]","[""portal"",""isolated""]","[""logo"",""headline"",""cta""]","[""product"",""support"",""legal""]","[""ctv_button"",""site_menu"",""social_reactions"",""portal_chrome"",""social_reactions""]","{""inset_pct"":0}","[""iab-half-page"",""half-page""]",{}
2026-09-15T18:01:28+00:00,creative_registry,,,,iab-skyscraper,Skyscraper,Skyscraper,160,600,,compact-display,banner,,"[""desktop""]","[""portal"",""programmatic""]","[""rail""]","[""portal"",""isolated""]","[""logo"",""headline"",""cta""]","[""product""]","[""ctv_button"",""site_menu"",""social_reactions"",""portal_chrome"",""social_reactions""]","{""inset_pct"":0}","[""skyscraper"",""iab-wide-skyscraper""]",{}
2026-09-15T18:01:28+00:00,creative_registry,,,,iab-mobile,Mobile banner,Mobile banner,320,50,,compact-display,banner,,"[""mobile""]","[""portal"",""programmatic""]","[""sticky""]","[""portal"",""isolated""]","[""logo"",""headline"",""cta""]",[],"[""ctv_button"",""site_menu"",""social_reactions"",""product"",""lifestyle"",""legal"",""portal_chrome"",""social_reactions""]","{""inset_pct"":0}","[""iab-mobile-banner"",""mobile-banner""]",{}
2026-09-15T18:01:28+00:00,creative_registry,,,,native-infeed,Native in-feed,Native in-feed,300,250,,native,native,,"[""desktop"",""mobile""]","[""portal""]","[""in_feed""]","[""portal""]","[""headline"",""image""]","[""logo"",""support"",""cta""]","[""ctv_button"",""site_menu"",""social_reactions"",""billboard_chrome"",""portal_chrome"",""social_reactions""]","{""inset_pct"":0}","[""native""]",{}
2026-09-15T18:01:28+00:00,creative_registry,,,,hotspot,Hotspot,Hotspot,300,250,,interactive,interactive,,"[""desktop"",""mobile""]","[""portal""]","[""in_feed""]","[""portal""]","[""image"",""hotspot""]","[""logo"",""headline"",""cta""]","[""ctv_button"",""site_menu"",""social_reactions"",""portal_chrome"",""social_reactions""]","{""inset_pct"":0}","[""hotspots""]",{}
2026-09-15T18:01:28+00:00,creative_registry,,,,cartas,Cartas,Cartas,300,250,,interactive,interactive,,"[""desktop"",""mobile""]","[""portal""]","[""in_feed""]","[""portal""]","[""card_front"",""card_back""]","[""logo"",""cta""]","[""ctv_button"",""site_menu"",""social_reactions"",""portal_chrome"",""social_reactions""]","{""inset_pct"":0}","[""flip"",""cartas-flip""]",{}
2026-09-15T18:01:28+00:00,creative_registry,,,,puxe-descubra,Puxe e descubra,Puxe e descubra,300,250,,interactive,interactive,,"[""desktop"",""mobile""]","[""portal""]","[""in_feed""]","[""portal""]","[""cover"",""reveal""]","[""logo"",""cta""]","[""ctv_button"",""site_menu"",""social_reactions"",""portal_chrome"",""social_reactions""]","{""inset_pct"":0}","[""reveal""]",{}
2026-09-15T18:01:28+00:00,creative_registry,,,,arraste-descubra,Arraste e descubra,Arraste e descubra,300,250,,interactive,interactive,,"[""desktop"",""mobile""]","[""portal""]","[""in_feed""]","[""portal""]","[""before"",""after"",""handle""]","[""logo"",""cta""]","[""ctv_button"",""site_menu"",""social_reactions"",""portal_chrome"",""social_reactions""]","{""inset_pct"":0}","[""compare"",""before-after""]",{}
2026-09-15T18:01:28+00:00,creative_registry,,,,quiz,Quiz,Quiz,300,250,,interactive,interactive,,"[""desktop"",""mobile""]","[""portal""]","[""in_feed""]","[""portal""]","[""question"",""choices"",""result""]","[""logo"",""cta""]","[""ctv_button"",""site_menu"",""social_reactions"",""portal_chrome"",""social_reactions""]","{""inset_pct"":0}","[""quiz-infeed""]",{}
2026-09-15T18:01:28+00:00,creative_registry,,,,video-linear-15,Video 15s,Video 15s,1920,1080,,ctv-15,video,,"[""tv""]","[""ctv"",""youtube""]",[],"[""ctv""]","[""headline""]","[""logo"",""product"",""lifestyle""]","[""site_button"",""pill_cta"",""price"",""site_menu"",""portal_chrome"",""portal_chrome"",""social_reactions""]","{""inset_pct"":6}","[""ctv-video-linear-30"",""ctv-linear"",""netflix-anuncio-simulado""]",{}
2026-09-15T18:01:28+00:00,creative_registry,,,,video-cta-15,Video 15s + CTA,Video 15s + CTA,1920,1080,,ctv-15,video,,"[""tv""]","[""ctv"",""youtube""]",[],"[""ctv""]","[""headline"",""cta_instruction""]","[""logo"",""product""]","[""site_button"",""pill_cta"",""price"",""site_menu"",""portal_chrome"",""portal_chrome"",""social_reactions""]","{""inset_pct"":6}","[""ctv-video-cta""]",{}
2026-09-15T18:01:28+00:00,creative_registry,,,,video-qr-15,Video 15s + QR,Video 15s + QR,1920,1080,,ctv-15,video,,"[""tv""]","[""youtube""]",[],"[""ctv""]","[""headline"",""qr"",""cta_instruction""]","[""logo""]","[""site_button"",""pill_cta"",""price"",""site_menu"",""portal_chrome"",""portal_chrome"",""social_reactions""]","{""inset_pct"":6}","[""ctv-video-qr""]",{}
2026-09-15T18:01:28+00:00,creative_registry,,,,youtube-infeed,In-feed 16:9,In-feed 16:9,1920,1080,,youtube,video,,"[""desktop"",""tv""]","[""youtube""]",[],"[""youtube_infeed"",""ctv""]","[""headline""]","[""logo"",""thumbnail""]","[""site_button"",""pill_cta"",""price"",""site_menu"",""portal_chrome"",""portal_chrome"",""social_reactions""]","{""inset_pct"":0}",[],{}
2026-09-15T18:01:28+00:00,creative_registry,,,,feed-1x1,Feed 1:1,Feed 1:1,1080,1080,,social-square,social,,"[""mobile"",""desktop""]","[""instagram"",""facebook"",""linkedin""]",[],"[""social_feed""]","[""headline""]","[""logo"",""product"",""cta""]","[""portal_chrome"",""ctv_qr"",""portal_chrome"",""social_reactions""]","{""inset_pct"":0}","[""instagram-feed"",""facebook-feed"",""linkedin-feed""]",{}
2026-09-15T18:01:28+00:00,creative_registry,,,,feed-4x5,Feed 4:5,Feed 4:5,1080,1350,,social-portrait,social,,"[""mobile""]","[""instagram"",""facebook""]",[],"[""social_feed""]","[""headline""]","[""logo"",""product"",""cta""]","[""portal_chrome"",""ctv_qr"",""portal_chrome"",""social_reactions""]","{""inset_pct"":0}","[""instagram-feed-4x5"",""linkedin-portrait""]",{}
2026-09-15T18:01:28+00:00,creative_registry,,,,story-9x16,Stories,Stories,1080,1920,,social-story,social,,"[""mobile""]","[""instagram"",""facebook""]",[],"[""social_vertical""]","[""headline""]","[""logo"",""cta""]","[""portal_chrome"",""ctv_qr"",""portal_chrome"",""social_reactions""]","{""inset_pct"":8,""bottom_chrome"":true}","[""instagram-story""]",{}
2026-09-15T18:01:28+00:00,creative_registry,,,,reels-9x16,Reels,Reels,1080,1920,,social-story,social,,"[""mobile""]","[""instagram"",""tiktok"",""youtube""]",[],"[""social_vertical""]","[""headline""]","[""logo"",""cta""]","[""portal_chrome"",""ctv_qr"",""static_only"",""portal_chrome"",""social_reactions""]","{""inset_pct"":8,""bottom_chrome"":true}","[""instagram-reels"",""tiktok-vertical""]",{}
2026-09-15T18:01:28+00:00,creative_registry,,,,shorts-9x16,Shorts,Shorts,1080,1920,,social-story,social,,"[""mobile""]","[""youtube"",""tiktok""]",[],"[""social_vertical""]","[""headline""]","[""logo"",""cta""]","[""portal_chrome"",""ctv_qr"",""static_only"",""portal_chrome"",""social_reactions""]","{""inset_pct"":8,""bottom_chrome"":true}","[""youtube-shorts""]",{}
2026-09-15T18:01:28+00:00,creative_registry,,,,linkedin-landscape,LinkedIn,LinkedIn,1200,627,,social-landscape,social,,"[""desktop""]","[""linkedin""]",[],"[""linkedin""]","[""headline""]","[""logo"",""product"",""cta""]","[""portal_chrome"",""ctv_qr"",""portal_chrome"",""social_reactions""]","{""inset_pct"":0}","[""linkedin-share""]",{}
