snapshot_at,slug,nome,categoria,tipo,alcance,viewability,investimento_minimo,descricao,segmentacoes,diferenciais,audience_slugs,audience_names,audience_count
2026-09-15T18:01:28+00:00,99,99,Mobilidade,mobile,+20M usuários BR,86,R$ 8.000,App de transporte com penetração nacional. Complementa Uber no recorte de praça e classe.,"[{""nome"":""Capitais"",""quando"":""complemento da Uber"",""exemplo"":""SP, RJ, BH, Recife""},{""nome"":""Classe e ticket"",""quando"":""cupom nativo"",""exemplo"":""Corrida econômica""},{""nome"":""Horário"",""quando"":""pico urbano"",""exemplo"":""Manhã e fim de expediente""},{""nome"":""Praça forte 99"",""quando"":""não empilhar com Uber"",""exemplo"":""Cidades onde a 99 lidera""}]","[""Forte nas capitais"",""Público complementar à Uber"",""Cupom nativo""]",[],[],0
2026-09-15T18:01:28+00:00,amazon-music,Amazon Music,Streaming,audio,+8M ouvintes,97,R$ 20.000,Serviço de streaming da Amazon com integração ao ecossistema Prime e dispositivos Alexa.,"[{""nome"":""Sinal de compra e comportamento em e-commerce Amazon"",""quando"":""campanhas focadas em conversão ou consideração para produtos vendidos na Amazon ou em categorias de varejo"",""exemplo"":""segmentar ouvintes expostos a categorias como eletrônicos, beleza ou supermercado com base em sinais 1st party da Amazon""},{""nome"":""Contexto de audição em música streaming"",""quando"":""posicionamento de marca alinhado a gêneros, moods ou playlists específicos no Amazon Music"",""exemplo"":""campanhas de bem-estar em playlists de relaxamento ou rotinas matinais, usando o tier com anúncios do Amazon Music como contexto de consumo""},{""nome"":""Dispositivo e ambiente (Echo, Fire TV, mobile, desktop)"",""quando"":""mensagens adaptadas ao ambiente de uso (casa, multitarefa, tela ligada ou só áudio)"",""exemplo"":""priorizar inventário em smart speakers Echo para mensagens de rotina doméstica, ou em Fire TV/CTV para campanhas que combinam áudio em telas conectadas""},{""nome"":""Momento de escuta e dia/horário"",""quando"":""campanhas que querem estar presentes em rotinas específicas como commuting, trabalho ou fim de semana"",""exemplo"":""otimizar entrega de spots em horários de pico de escuta, como início da manhã e fim de tarde""},{""nome"":""Segmentação por tipo de conteúdo (música vs. podcasts)"",""quando"":""definir se a mensagem é mais adequada para consumo rápido em música ou aprofundamento em podcasts"",""exemplo"":""usar standard audio para awareness em música e podcast audio ads para storytelling em programas específicos distribuídos via Amazon Music/Wondery""},{""nome"":""Cobertura omnicanal via Amazon DSP"",""quando"":""campanhas que integram áudio a outros formatos (display, vídeo) dentro do stack Amazon Ads"",""exemplo"":""usar audio ads em Amazon Music e 3P streaming combinados a display/vídeo na mesma estratégia de DSP, aplicando as mesmas audiências de Amazon Ads""}]","[""Integração com dados de compra Amazon"",""Ads interativos via Alexa"",""Audiência Prime com alto ticket médio"",""Cross-device com Echo e Fire TV""]",[],[],0
2026-09-15T18:01:28+00:00,cnn-brasil,CNN Brasil,Portais,portal,+40M pageviews/mês,72,R$ 10.000,Portal de notícias da CNN Brasil com cobertura 24h. Jornalismo de qualidade e credibilidade.,"[{""nome"":""Contexto de notícia e vertical temática"",""quando"":""campanhas alinhadas a temas específicos como política, economia, tecnologia, esportes ou soft news"",""exemplo"":""marca de tecnologia patrocina série de conteúdos em vertical de inovação e TI no portal, com presença em matérias e especiais.""},{""nome"":""Momento de consumo de notícias em tempo real"",""quando"":""ativação em períodos de alta audiência por breaking news, coberturas especiais e grandes eventos"",""exemplo"":""campanha de serviços financeiros com presença em home e módulos premium durante cobertura ao vivo de decisões econômicas.""},{""nome"":""Segmentação por perfil editorial do portal"",""quando"":""planejamento baseado na audiência qualificada que consome jornalismo de credibilidade"",""exemplo"":""marca premium associa sua comunicação à audiência de notícias de negócios e política, explorando seções de CNN Money e economia.""},{""nome"":""Projetos customizados 1st party (CNN LAB / branded content)"",""quando"":""quando o anunciante precisa de solução sob medida com storytelling e integração a talentos e programas"",""exemplo"":""websérie patrocinada produzida para o portal em parceria com marca de tecnologia, distribuída em hub de conteúdo e redes da CNN.""},{""nome"":""Posicionamento em home e espaços de destaque"",""quando"":""lançamentos, campanhas institucionais ou ações que demandam máxima visibilidade no portal"",""exemplo"":""takeover de home com display premium e módulos nativos em dia específico de campanha nacional.""},{""nome"":""Newsletter e audiência recorrente"",""quando"":""estratégias de frequência e relacionamento com leitores que recebem notícias por e-mail"",""exemplo"":""marca de educação anuncia em newsletter diária de notícias, com destaque em topo e área de recomendação de conteúdo.""},{""nome"":""Integração TV + Digital"",""quando"":""campanhas que combinam presença em TV por assinatura e extensão no portal"",""exemplo"":""patrocínio de quadro na programação da CNN Brasil com continuidade em hub de conteúdos, vídeos e matérias no portal.""},{""nome"":""Dados de navegação e comportamento em portal premium"",""quando"":""otimização de campanhas digitais com base em consumo de páginas, categorias e tipo de conteúdo"",""exemplo"":""segmentação de campanhas de display para usuários que acessam com frequência seções de economia e mercados.""}]","[""Credibilidade jornalística internacional"",""Audiência classe AB (65%)"",""Cobertura 24h de notícias"",""Integração TV + Digital""]","[""cnn-demo-18-24"",""cnn-demo-25-34"",""cnn-demo-35-44"",""cnn-demo-45plus"",""cnn-demo-25-54"",""cnn-edit-ao-vivo"",""cnn-exp-app"",""cnn-cust-first-party"",""cnn-fmt-branded"",""cnn-edit-brand-safety"",""cnn-comb-breaking-heavy"",""cnn-edit-breaking"",""cnn-comp-breaking-engajados"",""cnn-comb-business-homens"",""cnn-comb-ab-economia"",""cnn-demo-classe-ab"",""cnn-edit-business"",""cnn-edit-esportes-vertical"",""cnn-edit-viagem-gastronomia"",""cnn-comp-texto"",""cnn-comp-video-live"",""cnn-cust-crm-match"",""cnn-comb-ctv-noite"",""cnn-exp-daypart-manha"",""cnn-exp-daypart-noite"",""cnn-exp-daypart-tarde"",""cnn-demo-decisores"",""cnn-exp-desktop"",""cnn-fmt-billboard"",""cnn-edit-economia"",""cnn-edit-entretenimento"",""cnn-edit-esportes"",""cnn-comb-esportes-mobile"",""cnn-demo-genz"",""cnn-comp-heavy-daily"",""cnn-comp-heavy-weekly"",""cnn-demo-m25-44"",""cnn-demo-homens"",""cnn-comp-interesse-business"",""cnn-edit-internacional"",""cnn-comb-internacional-desktop"",""cnn-edit-keywords"",""cnn-comp-light"",""cnn-comb-lookalike-ros"",""cnn-cust-lookalike-heavy"",""cnn-cust-lookalike-inv"",""cnn-demo-millennials"",""cnn-exp-mobile"",""cnn-demo-f25-44"",""cnn-demo-mulheres"",""cnn-fmt-native"",""cnn-comp-decisor"",""cnn-demo-executivos"",""cnn-edit-politica"",""cnn-comb-politica-35plus"",""cnn-comb-retarget-native"",""cnn-cust-retargeting"",""cnn-edit-saude"",""cnn-comb-saude-mulheres"",""cnn-exp-smarttv"",""cnn-exp-tablet"",""cnn-comb-tech-early"",""cnn-edit-tecnologia"",""cnn-comb-live-preroll"",""cnn-fmt-preroll""]","[""18-24 anos"",""25-34 anos"",""35-44 anos"",""45+ anos"",""Adults 25-54"",""Ao vivo"",""App CNN Brasil"",""Audiencia 1st-party logada"",""Branded Content"",""Brand safety por categoria"",""Breaking + Heavy readers"",""Breaking News"",""Breaking news engajados"",""Business + Homens AB"",""Classe AB + Economia"",""Classe AB predominante"",""CNN Business"",""CNN Esportes Vertical"",""CNN Viagem e Gastronomia"",""Consumidores texto"",""Consumidores video ao vivo"",""CRM Match via DSP"",""CTV + Noticias noite"",""Daypart manha 6h-12h"",""Daypart noite 18h-24h"",""Daypart tarde 12h-18h"",""Decisores 35-54"",""Desktop Web"",""Display Billboard"",""Economia"",""Entretenimento"",""Esportes"",""Esportes + Mobile"",""Gen Z 18-24"",""Heavy readers diarios"",""Heavy readers semanais"",""Homens 25-44"",""Homens (geral)"",""Interesse Business"",""Internacional"",""Internacional + Desktop"",""Keywords contextuais"",""Light readers"",""Lookalike + Display ROS"",""Lookalike heavy readers"",""Lookalike investidores"",""Millennials 25-40"",""Mobile iOS Android"",""Mulheres 25-44"",""Mulheres (geral)"",""Native Ads"",""Perfil decisor profissional"",""Perfil executivo AB"",""Politica"",""Politica + 35+"",""Retargeting + Native"",""Retargeting visitantes"",""Saude"",""Saude + Mulheres 25-44"",""Smart TV CNN ao vivo"",""Tablet"",""Tech + Early adopters"",""Tecnologia"",""Video ao vivo + Pre-roll"",""Video Pre-roll""]",65
2026-09-15T18:01:28+00:00,deezer,Deezer,Streaming,audio,+16M ouvintes,96,R$ 10.000,Plataforma de streaming musical com forte presença no Brasil e América Latina. Parceria exclusiva com operadoras de telecom.,"[{""nome"":""Perfil Demográfico"",""quando"":""planejamento e setup de campanha"",""exemplo"":""segmentação por idade e gênero para ajustar criativos a públicos como jovens adultos ou famílias.""},{""nome"":""Geo por País, Região e Cidade"",""quando"":""ativação em mercados ou praças específicas"",""exemplo"":""campanhas focadas em Brasil, com recortes por estados ou grandes capitais para varejo e serviços locais.""},{""nome"":""Interesses Musicais e Afinidade de Gênero"",""quando"":""conteúdo e criação de playlists ou faixas patrocinadas"",""exemplo"":""direcionar anúncios para ouvintes de rock, sertanejo ou eletrônico de acordo com o posicionamento da marca.""},{""nome"":""Contexto de Playlist / Momento de Uso"",""quando"":""estratégias de momento da jornada"",""exemplo"":""ativar campanhas em playlists de treino, trabalho, relax ou festas para alinhar mensagem ao contexto de escuta.""},{""nome"":""Similaridade com Artistas / Conteúdo"",""quando"":""promoção de faixas patrocinadas ou colaborações"",""exemplo"":""boostar uma faixa de artista novo para usuários que escutam artistas semelhantes, aumentando afinidade e conversão.""},{""nome"":""Device Targeting"",""quando"":""definição de formato e criativo"",""exemplo"":""separar estratégias para usuários mobile versus desktop, ajustando duração, call to action e criativos.""},{""nome"":""Momento da Sessão de Escuta"",""quando"":""compra de formatos como pre-roll ou escuta patrocinada"",""exemplo"":""impactar o usuário no início da sessão com pre-roll em vídeo ou oferecer uma sessão sem anúncios após um spot de áudio.""},{""nome"":""First-party Audio Behaviour"",""quando"":""otimização contínua via plataforma parceira"",""exemplo"":""usar padrões de frequência de escuta, horários e tipos de conteúdo para refinar a entrega de campanhas ao longo do tempo.""}]","[""Parceria exclusiva com Vivo, Tim e Claro"",""Audiência com alto poder aquisitivo"",""Flow - algoritmo de recomendação proprietário"",""Forte presença em podcasts brasileiros""]",[],[],0
2026-09-15T18:01:28+00:00,disney-plus,Disney+,Streaming,ctv,+15M assinantes BR,98,R$ 40.000,"Streaming premium da Disney com conteúdo Marvel, Star Wars, Pixar, National Geographic e Star.","[{""nome"":""Plano Disney+ Padrão com anúncios (assinantes ad-supported)"",""quando"":""ao comprar inventário em vídeo em conteúdos on demand de assinantes do plano com anúncios"",""exemplo"":""segmentar campanhas apenas para quem está no plano Padrão com anúncios, que exibe intervalos comerciais antes e durante a maioria dos filmes e séries.""},{""nome"":""Conteúdos ao vivo e eventos especiais"",""quando"":""em transmissões ao vivo, reprises e eventos especiais dentro do Disney+ que aceitam anúncios em todos os planos"",""exemplo"":""ativar campanhas em conteúdos ao vivo e eventos especiais, com inserções antes/depois da reprodução, patrocínios e placements.""},{""nome"":""Franquias e marcas de conteúdo Disney"",""quando"":""ao planejar campanhas associadas a universos como Marvel, Star Wars, Pixar, National Geographic e Star"",""exemplo"":""comprar pacotes ou posicionamentos em conteúdos de franquias específicas para reforço de afinidade com fãs de Marvel ou Star Wars.""},{""nome"":""Momento de pausa do conteúdo (Pause / Pause+)"",""quando"":""quando o usuário aciona o pause durante um filme ou série"",""exemplo"":""segmentar a entrega de Pause Ads ou Pause+ para impactar o usuário apenas quando ele pausa o conteúdo, aproveitando o momento de atenção estática.""},{""nome"":""Experiências interativas DXC (Gateway Go, Pause+, Ad Selector)"",""quando"":""ao usar formatos avançados que pedem ação do usuário (clique, escolha de criativo, interação com trivia/carrossel)"",""exemplo"":""ativar Gateway Go com ofertas clicáveis ou Ad Selector permitindo ao usuário escolher o filme ou criativo da marca que deseja ver.""},{""nome"":""Promoções e produtos Disney (owned media)"",""quando"":""em campanhas de cross-promo dentro dos próprios planos com ou sem anúncios"",""exemplo"":""usar espaços de promoções e patrocínios para divulgar outros produtos/serviços Disney dentro de Disney+.""}]","[""Conteúdo premium familiar"",""Franquias icônicas (Marvel, Star Wars)"",""Ambiente 100% brand safe"",""Audiência premium engajada""]",[],[],0
2026-09-15T18:01:28+00:00,eletromidia,Eletromidia,DOOH,ooh,+30M impactos/dia,95,R$ 15.000,"Maior empresa de mídia OOH digital do Brasil. Presente em elevadores, metrôs, aeroportos, shoppings e mobiliário urbano.","[{""nome"":""Audiência"",""quando"":""quando a campanha precisa priorizar perfis de público e não apenas o ponto físico"",""exemplo"":""planejamento por critérios de audiência na operação programática""},{""nome"":""Contexto"",""quando"":""quando o anúncio depende do ambiente onde a pessoa está"",""exemplo"":""campanhas em varejo, transporte ou jornada urbana""},{""nome"":""Praça / geo"",""quando"":""quando a marca quer focar cidades, redes ou regiões específicas"",""exemplo"":""compra por praça, rede e formato na plataforma programática""},{""nome"":""Momento do dia / janela de campanha"",""quando"":""quando a marca quer impactar em horários ou períodos específicos"",""exemplo"":""ativação em janelas de campanha na mídia programática""},{""nome"":""Dados proprietários e externos"",""quando"":""quando a segmentação usa inteligência de dados combinada com sinais de audiência"",""exemplo"":""planejamento com dados proprietários e externos para identificar jornada diária""},{""nome"":""Território de interesse / contexto temático"",""quando"":""quando a campanha quer associar-se a ocasiões ou afinidades"",""exemplo"":""ativação em territórios como eventos musicais, futebol, esportes e varejo""}]","[""Maior inventário DOOH do Brasil"",""Presente em 25+ cidades"",""Audiência premium em elevadores classe AB"",""Integração programática com DSPs"",""Retargeting mobile cross-media""]",[],[],0
2026-09-15T18:01:28+00:00,g1-globo,G1 / Globo.com,Portais,portal,+150M pageviews/mês,72,R$ 10.000,"O maior portal de notícias do Brasil, com cobertura nacional e regional. Referência em jornalismo digital.","[{""nome"":""Regional / Geográfica"",""quando"":""Quando a ação precisa atingir estados, capitais ou regiões específicas"",""exemplo"":""Promoção de varejo focada apenas em São Paulo e cidades da região metropolitana""},{""nome"":""Contextual / Editorial"",""quando"":""Quando a marca quer associar sua mensagem a seções ou temas jornalísticos (ex.: economia, esporte, saúde)"",""exemplo"":""Instituição financeira divulgando conteúdo em páginas da seção Economia""},{""nome"":""Interesse / Temática"",""quando"":""Quando a campanha mira públicos por afinidade de interesse (tecnologia, lifestyle, automobilismo, etc.)"",""exemplo"":""Marca de eletrônicos anunciando para leitores frequentes de tecnologia""},{""nome"":""Demográfica"",""quando"":""Quando há foco em atributos como faixa etária, gênero ou perfil socioeconômico"",""exemplo"":""Lançamento de curso voltado a adultos jovens e profissionais em início de carreira""},{""nome"":""Dispositivo / Plataforma"",""quando"":""Quando criativos ou experiência são otimizados para mobile ou desktop"",""exemplo"":""Ofertas exclusivas via mobile app ou mobile web""},{""nome"":""Comportamental / Retargeting & CRM"",""quando"":""Quando se quer alcançar usuários que já interagiram com a marca ou site (retargeting) ou usar base própria de clientes"",""exemplo"":""Campanha de retargeting para visitantes que visualizaram páginas de produto recentemente""}]","[""Maior audiência de notícias do Brasil"",""Cobertura regional em todos os estados"",""Credibilidade jornalística"",""Formatos de alto impacto (Takeover)""]","[""g1-demo-18-24"",""g1-demo-25-34"",""g1-demo-35-44"",""g1-demo-45plus"",""g1-demo-25-54"",""g1-comp-tempo-pagina"",""g1-comb-amp-light"",""g1-edit-amp"",""g1-exp-app-g1"",""g1-edit-auto-esporte"",""g1-comb-auto-homens"",""g1-fmt-billboard"",""g1-fmt-branded"",""g1-edit-brand-safety"",""g1-edit-breaking"",""g1-demo-capitais"",""g1-edit-ciencia"",""g1-comb-ciencia-millennials"",""g1-demo-classe-ab"",""g1-demo-classe-cde"",""g1-comp-texto-longo"",""g1-comp-video"",""g1-edit-mega-eventos"",""g1-cust-crm-match"",""g1-exp-manha"",""g1-exp-noite"",""g1-exp-tarde"",""g1-exp-desktop"",""g1-comp-diarios-globoid"",""g1-cust-dmp-globo"",""g1-edit-economia"",""g1-comb-economia-ab"",""g1-edit-educacao"",""g1-comb-educacao-genz"",""g1-edit-eleicoes"",""g1-comp-eleicoes"",""g1-comb-eleicoes-heavy"",""g1-demo-genx"",""g1-demo-genz"",""g1-cust-globo-id"",""g1-edit-globo-id"",""g1-comb-globoid-native"",""g1-edit-globo-rural"",""g1-edit-hard-news"",""g1-comb-hardnews-video"",""g1-comp-heavy-weekly"",""g1-demo-m18-34"",""g1-demo-homens"",""g1-comp-interesse-cat"",""g1-edit-keywords"",""g1-comp-light"",""g1-edit-local-nacional"",""g1-cust-lookalike"",""g1-cust-lookalike-heavy"",""g1-comb-lookalike-video"",""g1-comb-eventos-takeover"",""g1-demo-millennials"",""g1-exp-mobile"",""g1-demo-f18-34"",""g1-demo-mulheres"",""g1-edit-mundo"",""g1-comb-mundo-engajados"",""g1-fmt-native"",""g1-edit-natureza"",""g1-comb-natureza-desktop"",""g1-edit-noticias-positivas"",""g1-demo-regiao-nordeste"",""g1-demo-regiao-sul"",""g1-comp-breaking-picos"",""g1-edit-politica"",""g1-comb-politica-desktop"",""g1-comb-pop-mulheres"",""g1-edit-pop-arte"",""g1-comb-nordeste-mobile"",""g1-comb-sul-ab"",""g1-edit-regional"",""g1-fmt-retangulo"",""g1-comb-retarget-billboard"",""g1-cust-retargeting"",""g1-fmt-rich"",""g1-edit-saude"",""g1-comb-saude-mulheres"",""g1-exp-tablet"",""g1-fmt-takeover"",""g1-edit-tecnologia"",""g1-comp-amp-volume"",""g1-fmt-preroll""]","[""18-24"",""25-34"",""35-44"",""45+"",""Adults 25-54"",""Alto tempo na pagina"",""AMP + Light readers"",""AMP pages"",""App G1"",""Auto Esporte"",""Auto Esporte + Homens"",""Billboard"",""Branded Content"",""Brand safety categoria"",""Breaking news picos"",""Capitais economicas"",""Ciencia"",""Ciencia + Millennials"",""Classe AB"",""Classe C DE"",""Consumidores texto longo"",""Consumidores video G1"",""Copa Olimpiadas"",""CRM Match DV360 TTD"",""Daypart manha"",""Daypart noite"",""Daypart tarde"",""Desktop"",""Diarios Globo ID"",""DMP Globo segmentos"",""Economia"",""Economia + AB"",""Educacao"",""Educacao + Gen Z"",""Eleicoes e eventos"",""Eleicoes engajados"",""Eleicoes + Heavy readers"",""Gen X"",""Gen Z"",""Globo ID completo"",""Globo ID logados"",""Globo ID + Native"",""Globo Rural"",""Hard news"",""Hard news + Video preroll"",""Heavy readers semanal"",""Homens 18-34"",""Homens geral"",""Interesse por categoria historico"",""Keywords contextuais"",""Light readers"",""Local vs nacional"",""Lookalike"",""Lookalike heavy readers"",""Lookalike + Video"",""Mega eventos + Takeover"",""Millennials"",""Mobile"",""Mulheres 18-34"",""Mulheres geral"",""Mundo Internacional"",""Mundo + Internacional engajados"",""Native Ads"",""Natureza"",""Natureza + Desktop"",""Noticias positivas"",""Perfil regional Nordeste"",""Perfil regional Sul"",""Picos breaking news"",""Politica"",""Politica + Desktop"",""Pop Arte + Mulheres"",""Pop e Arte"",""Regional Nordeste + Mobile"",""Regional Sul + Classe AB"",""Regional UF"",""Retangulo"",""Retargeting + Billboard"",""Retargeting visitantes"",""Rich Media"",""Saude"",""Saude + Mulheres 35+"",""Tablet"",""Takeover"",""Tecnologia"",""Usuarios AMP alto volume"",""Video Pre-roll""]",87
2026-09-15T18:01:28+00:00,ge-globo-esporte,GE (Globo Esporte),Portais,portal,+120M pageviews/mês,74,R$ 25.000,"O maior portal de esportes do Brasil, cobrindo futebol, olimpíadas, automobilismo e mais.","[{""nome"":""Torcedores por time de futebol"",""quando"":""campanhas associadas a clubes específicos em campeonatos nacionais e internacionais"",""exemplo"":""Campanha focada em páginas e conteúdos do ge sobre um clube da Série A durante o Brasileirão, explorando a comunidade de torcedores daquele time.[1][2]""},{""nome"":""Editorias de modalidades esportivas"",""quando"":""marcas que querem falar com fãs de esportes específicos além do futebol"",""exemplo"":""Ativação na editoria de tênis do ge, com formatos no portal, YouTube e Globoplay contextualizados ao circuito de tênis.[5]""},{""nome"":""Conteúdo ao vivo e pós-jogo"",""quando"":""momentos de pico de audiência em transmissões, lives, cortes e highlights"",""exemplo"":""Patrocínio de transmissões e conteúdos pós-corrida em Esportes a Motor, com presença em momentos de maior audiência.[14][3]""},{""nome"":""Esportes a motor"",""quando"":""campanhas ligadas a automobilismo e competições de alto desempenho"",""exemplo"":""Patrocínio de coberturas de Fórmula 1 com dashbanners fixos nas corridas e vídeos in-stream integrados à linha do tempo dos ídolos.[14]""},{""nome"":""Fantasy game Cartola (fãs de futebol altamente engajados)"",""quando"":""estratégias voltadas a usuários que acompanham jogos, escalações e estatísticas em tempo real"",""exemplo"":""Campanha no Cartola integrada ao ge, atingindo milhões de jogadores do maior fantasy game de futebol do Brasil.[1]""},{""nome"":""Social Globo + Creators (influenciadores de esporte)"",""quando"":""campanhas que precisam de engajamento em redes sociais com criadores do universo esportivo"",""exemplo"":""Ação com influenciadores conectada a conteúdos do ge e redes sociais para ampliar alcance em torcedores jovens.[1]""},{""nome"":""Contexto de grandes eventos esportivos"",""quando"":""períodos de torneios como Libertadores, campeonatos nacionais, ligas internacionais e olimpíadas"",""exemplo"":""Projeto GE 360º com presença em portal ge, GE TV e redes sociais durante fases decisivas da Libertadores.[3][2]""},{""nome"":""Editorias regionais e afiliadas"",""quando"":""marcas com foco em mercados locais ou regionais"",""exemplo"":""Patrocínio de página do ge de uma afiliada (como TV Vanguarda), com presença em home e vídeos regionais.[7][10]""}]","[""Maior audiência esportiva do Brasil"",""Cobertura de todos os campeonatos"",""Picos de audiência em jogos ao vivo"",""Segmentação por time de futebol""]",[],[],0
2026-09-15T18:01:28+00:00,globoplay,Globoplay,Streaming,ctv,+25M assinantes,98,R$ 30.000,"Principal plataforma de streaming brasileira com conteúdo exclusivo Globo, novelas, séries e jornalismo.","[{""nome"":""Novelas"",""quando"":""Lançamento de capítulos e episódios com alta retenção"",""exemplo"":""Veicular Video Ads ou Pre-roll alinhados à estreia de capítulos ou temporadas de novelas presentes na plataforma""},{""nome"":""Jornalismo e telejornais"",""quando"":""Blocos de notícias e coberturas jornalísticas de maior alcance"",""exemplo"":""Inserir Mid-roll ou Video Ads de curta duração durante intervalos de telejornais ou reportagens relevantes""},{""nome"":""Reality shows (ex.: BBB)"",""quando"":""Exibições semanais, recaps e conteúdos ao vivo relacionados ao reality"",""exemplo"":""Campanhas com Pre-roll e Pause Ads para aproveitar picos de audiência em episódios e conteúdos complementares""},{""nome"":""Eventos ao vivo"",""quando"":""Transmissões ao vivo (esportes, shows, eventos especiais)"",""exemplo"":""Utilizar Pre-roll e anúncios durante a transmissão ao vivo para alcance em tempo real e engajamento imediato""},{""nome"":""Audiência feminina"",""quando"":""Lançamentos de produtos/serviços com apelo principal ao público feminino"",""exemplo"":""Segmentação para público feminino (plataforma indica ~58% feminino) com criativos e mensagens otimizadas para esse perfil""},{""nome"":""CTV-first / tela grande"",""quando"":""Campanhas que priorizam experiência imersiva e storytelling em sala de estar"",""exemplo"":""Utilizar Video Ads 16:9 otimizados para CTV para maior impacto visual e recall de marca""}]","[""Conteúdo exclusivo brasileiro (novelas, BBB, séries)"",""Transmissão ao vivo de eventos"",""Integração com TV Globo"",""Audiência feminina forte (58%)""]",[],[],0
2026-09-15T18:01:28+00:00,ifood,iFood,Mobilidade,mobile,+50M usuários BR,90,R$ 8.000,"App de delivery com o maior volume de pedidos do Brasil. Ideal para food, varejo e cupom no momento da fome.","[{""nome"":""Momento da fome"",""quando"":""almoço e jantar"",""exemplo"":""11h–14h e 19h–22h""},{""nome"":""Ticket e categoria"",""quando"":""food vs mercado"",""exemplo"":""Pedido médio da praça""},{""nome"":""Praça e raio"",""quando"":""loja e dark kitchen"",""exemplo"":""3 km do PDV""},{""nome"":""Cupom no app"",""quando"":""conversão"",""exemplo"":""Primeira compra da semana""}]","[""Momento de fome e decisão de pedido"",""Público classe C forte"",""Cupom no app""]",[],[],0
2026-09-15T18:01:28+00:00,infomoney,InfoMoney,Portais,portal,+40M pageviews/mês,72,R$ 15.000,Principal portal de finanças e investimentos do Brasil. Conteúdo para investidores e profissionais.,"[{""nome"":""Interesse em investimentos e mercado financeiro"",""quando"":""campanhas voltadas a investidores pessoa física e traders que consomem notícias de bolsa, renda fixa, fundos e câmbio"",""exemplo"":""segmentar formatos de display/native em páginas da editoria Mercados, renda variável e cobertura de empresas listadas[3][7].""},{""nome"":""Contexto de economia, negócios e gestão"",""quando"":""marcas B2B e de serviços corporativos que precisam falar com executivos, empreendedores e tomadores de decisão"",""exemplo"":""usar branded content e native em matérias de economia, gestão, carreira executiva e ambiente de negócios[3][11].""},{""nome"":""Perfil socioeconômico classe AB e profissionais de alta renda"",""quando"":""produtos financeiros, bens de maior ticket e serviços premium que exigem público com maior poder aquisitivo"",""exemplo"":""campanhas institucionais em homepage e projetos especiais que exploram audiência qualificada descrita em mídia kit (classe AB, homens de negócios, mulheres em liderança)[9][13].""},{""nome"":""Momento de mercado (pré-abertura, pregão e fechamento)"",""quando"":""mensagens conectadas a horários de maior consumo de notícias financeiras e decisões de investimento"",""exemplo"":""patrocinar newsletters e conteúdos que cobrem os acontecimentos antes da abertura do mercado e resumos após o fechamento[12].""},{""nome"":""Contexto de conteúdo educacional em finanças"",""quando"":""instituições financeiras e fintechs que querem educar novos investidores e melhorar conhecimento financeiro"",""exemplo"":""ativar projetos MoneyLab com séries explicativas sobre produtos financeiros, planejamento financeiro e investimentos para iniciantes[1][4][13].""},{""nome"":""Projetos especiais com dados e insights proprietários"",""quando"":""campanhas que precisam combinar conteúdo de marca com estudos, pesquisas ou dados sobre comportamento de consumo financeiro"",""exemplo"":""desenvolver especiais co-branded em parceria com área de projetos especiais do InfoMoney, integrando artigos, vídeos e landing pages para captação de leads[1][13].""},{""nome"":""Segmentação por canal temático (ex.: Mercados, Consumo, Carreira)"",""quando"":""anunciantes que querem adequar a mensagem ao tema específico mais próximo do seu produto"",""exemplo"":""veicular display/native em seções como Mercados para corretoras, Consumo para varejo e bens duráveis, e Carreira para cursos e MBAs[3][5][7].""},{""nome"":""Presença em homepage reformulada com destaque a branded content"",""quando"":""campanhas que priorizam máxima visibilidade em pontos de entrada do portal"",""exemplo"":""comprar posições premium na nova homepage que valorizam conteúdos de marca e formatos publicitários de maior impacto[7].""}]","[""Audiência 78% classe AB"",""Investidores e decisores financeiros"",""Alto ticket médio de produtos"",""Webinars com alta conversão""]","[""imo-demo-25-44"",""imo-demo-45plus"",""imo-comb-acoes-traders-mobile"",""imo-exp-app"",""imo-fmt-branded"",""imo-edit-brand-safety"",""imo-demo-classe-ab"",""imo-comb-cripto-genz"",""imo-edit-cripto"",""imo-cust-crm"",""imo-demo-cfo"",""imo-exp-desktop"",""imo-edit-economia"",""imo-edit-edu-fin"",""imo-comb-edu-iniciantes"",""imo-demo-empreendedores"",""imo-comb-fiis-ab"",""imo-edit-fin-pessoais"",""imo-edit-cambio"",""imo-edit-fiis"",""imo-demo-genz"",""imo-comp-heavy"",""imo-demo-homens"",""imo-exp-horario-mercado"",""imo-comp-ativos"",""imo-comp-iniciantes"",""imo-comb-ipo-lookalike"",""imo-edit-ipos"",""imo-cust-lookalike"",""imo-edit-acoes"",""imo-demo-millennials-traders"",""imo-exp-mobile"",""imo-comb-morning-desktop"",""imo-edit-morning-call"",""imo-demo-mulheres"",""imo-fmt-native"",""imo-edit-negocios"",""imo-cust-newsletter-list"",""imo-comp-newsletter"",""imo-fmt-newsletter"",""imo-edit-perfil-inv"",""imo-comb-rf-conservador"",""imo-edit-renda-fixa"",""imo-fmt-retangulo"",""imo-cust-retargeting"",""imo-demo-superior"",""imo-comp-traders"",""imo-comb-webinar-retarget"",""imo-edit-webinars"",""imo-cust-webinar-leads"",""imo-comp-webinars""]","[""25-44 core investidores"",""45+ patrimonio"",""Acoes + Traders + Mobile"",""App InfoMoney"",""Branded Content"",""Brand safety financeiro"",""Classe AB"",""Cripto + Gen Z Millennials"",""Criptomoedas"",""CRM Match"",""Decisores CFO gestores"",""Desktop mercado"",""Economia e Copom"",""Educacao financeira"",""Educacao financeira + Iniciantes"",""Empreendedores"",""FIIs + Classe AB"",""Financas pessoais"",""Forex cambio"",""Fundos imobiliarios"",""Gen Z aprendendo investir"",""Heavy readers diarios"",""Homens geral"",""Horario mercado 10h-17h"",""Investidores ativos"",""Investidores iniciantes"",""IPO + Lookalike qualificado"",""IPOs ofertas"",""Lookalike investidor"",""Mercados acoes"",""Millennials traders"",""Mobile"",""Morning Call + Desktop"",""Morning Call mercado"",""Mulheres investidoras"",""Native"",""Negocios e startups"",""Newsletter assinantes"",""Newsletter financeira"",""Newsletter slot"",""Perfil conservador moderado arrojado"",""Renda fixa + Conservador 45+"",""Renda fixa e Tesouro"",""Retangulo display"",""Retargeting"",""Superior completo"",""Traders day swing"",""Webinar + CRM retargeting"",""Webinars eventos"",""Webinars leads"",""Webinars participantes""]",51
2026-09-15T18:01:28+00:00,instagram,Instagram,Sociais,social,+120M usuários BR,92,R$ 3.000,"Plataforma visual líder em engajamento. Ideal para branding, awareness e conversão com formatos diversos.","[{""nome"":""Demográfica"",""quando"":""quando precisa ajustar a mensagem por gênero, idade ou localização"",""exemplo"":""mulheres em determinada cidade""},{""nome"":""Interesses"",""quando"":""para campanhas de awareness e consideração que miram afinidades"",""exemplo"":""pessoas interessadas em moda, fitness ou tecnologia""},{""nome"":""Comportamento/Intenção de compra"",""quando"":""para ações de conversão onde intenção de compra é relevante"",""exemplo"":""usuários que demonstraram interesse em produtos similares""},{""nome"":""Remarketing"",""quando"":""para recuperar e converter quem já interagiu com a marca"",""exemplo"":""visitantes do site que não finalizaram compra""},{""nome"":""Públicos Semelhantes (Lookalike)"",""quando"":""para escalar campanhas a partir de clientes ou audiências de melhor desempenho"",""exemplo"":""público com comportamento similar aos compradores recentes""},{""nome"":""Engajamento com Conteúdo"",""quando"":""para nutrir audiência que já consome conteúdo e aumentar retenção"",""exemplo"":""usuários que engajaram com Reels, Stories ou publicações da conta""}]","[""Maior engajamento entre redes sociais"",""Reels para alcance orgânico amplificado"",""Shopping integrado para e-commerce"",""Audiência feminina forte (58%)""]",[],[],0
2026-09-15T18:01:28+00:00,interativos,Interativos,Interativos,interativo,Add-on rich media em programática e portais,,,,"[{""nome"":""Hot Spots e 360°"",""quando"":""imóvel e decoração"",""exemplo"":""Lançamento com planta""},{""nome"":""Poll / Quiz"",""quando"":""first-party data"",""exemplo"":""Pergunta no portal""},{""nome"":""Cube e Scratch"",""quando"":""produto e cupom"",""exemplo"":""Varejo no 300×250""},{""nome"":""Video Interactive"",""quando"":""demo em CTV ou mobile"",""exemplo"":""15–45s""}]","[""Hot Spots e 360° para imóveis"",""Poll/Quiz até 8x vs display""]",[],[],0
2026-09-15T18:01:28+00:00,kwai,Kwai,Sociais,social,+60M usuários BR,90,R$ 5.000,Plataforma de vídeos curtos com forte penetração na classe C brasileira. Audiência complementar ao TikTok.,"[{""nome"":""Classe socioeconômica"",""quando"":""Quando a campanha busca penetração em massa ou foco em perfis de menor renda."",""exemplo"":""Campanha de bens de consumo focada em classes C e D em áreas metropolitanas.""},{""nome"":""Idade e gênero"",""quando"":""Quando o produto/serviço tem apelo claro por faixa etária ou gênero."",""exemplo"":""Lançamento de produto jovem direcionado a 18–34 anos.""},{""nome"":""Geolocalização"",""quando"":""Para ações regionais, inaugurações físicas ou ofertas locais."",""exemplo"":""Promoção válida apenas em cidades do Nordeste ou em municípios selecionados.""},{""nome"":""Interesses e categorias de conteúdo"",""quando"":""Quando há afinidade temática entre o conteúdo consumido e a oferta."",""exemplo"":""Anúncio de delivery para usuários que consomem vídeos de culinária e food reviews.""},{""nome"":""Comportamento e engajamento"",""quando"":""Para otimizar conversão com usuários que já demonstraram interesse ou alta interação."",""exemplo"":""Retargeting para usuários que completaram visualizações de vídeos da marca ou interagiram com anúncios anteriores.""},{""nome"":""Audiência personalizada / Lookalike"",""quando"":""Quando se quer escalar encontrando perfis similares aos melhores clientes."",""exemplo"":""Upload de base CRM para retargeting e criação de lookalikes a partir dos clientes que mais convertem.""}]","[""Forte penetração classe C e D"",""Audiência complementar ao TikTok"",""Custo por impressão mais acessível"",""60M de usuários no Brasil"",""Forte no Norte e Nordeste""]",[],[],0
2026-09-15T18:01:28+00:00,linkedin,LinkedIn,Sociais,social,+65M usuários BR,88,R$ 10.000,"A maior rede profissional do mundo. Ideal para B2B, recrutamento e thought leadership.","[{""nome"":""Segmentação por cargo e função (job title / job function)"",""quando"":""Campanhas B2B que precisam alcançar decisores ou perfis específicos dentro de empresas (ex.: diretores de marketing, gerentes de TI)"",""exemplo"":""Impactar profissionais com cargo \""Head de Recursos Humanos\"" ou função \""Marketing\"" em empresas de médio e grande porte.""},{""nome"":""Segmentação por setor e indústria"",""quando"":""Campanhas focadas em segmentos como tecnologia, serviços financeiros, saúde, educação ou manufatura"",""exemplo"":""Veicular Sponsored Content apenas para usuários que atuam na indústria de \""Serviços Financeiros\"" e \""Software e TI\"".""},{""nome"":""Segmentação por empresa e account-based (company / ABM)"",""quando"":""Estratégias de Account-Based Marketing voltadas a listas específicas de contas-alvo"",""exemplo"":""Criar campanhas para atingir colaboradores de um conjunto de empresas estratégicas (ex.: bancos e grandes varejistas) com criativos personalizados.""},{""nome"":""Segmentação por nível de senioridade"",""quando"":""Quando o objetivo é falar com tomadores de decisão ou influenciadores em diferentes níveis hierárquicos"",""exemplo"":""Configurar campanhas para exibir anúncios apenas para profissionais com senioridade \""Manager\"", \""Director\"", \""VP\"" e \""CXO\"".""},{""nome"":""Segmentação por localização geográfica"",""quando"":""Campanhas focadas em regiões específicas do Brasil (cidades, estados ou regiões metropolitanas)"",""exemplo"":""Promover um evento presencial apenas para profissionais localizados em \""São Paulo\"" e \""Região Metropolitana do Rio de Janeiro\"".""},{""nome"":""Segmentação por interesses e grupos profissionais"",""quando"":""Comunicação baseada em temas (ex.: marketing digital, fintech, recursos humanos, engenharia) e participação em grupos relacionados"",""exemplo"":""Alcançar usuários interessados em \""transformação digital\"" e membros de grupos sobre \""Inovação em Serviços Financeiros\"".""},{""nome"":""Segmentação por habilidades (skills)"",""quando"":""Quando o critério principal é a competência profissional declarada no perfil"",""exemplo"":""Anunciar cursos de programação para membros que possuem habilidades como \""Python\"", \""Desenvolvimento Web\"" ou \""Machine Learning\"".""},{""nome"":""Segmentação por remarketing e listas próprias (1st party)"",""quando"":""Reengajar visitantes do site ou bases de CRM através do LinkedIn, integrando dados próprios do anunciante"",""exemplo"":""Criar audiências de visitantes do site do anunciante ou importar listas de emails corporativos para campanhas de Sponsored Content e Sponsored Messaging.""}]","[""Segmentação B2B mais precisa do mercado"",""Audiência de decisores (78% classe AB)"",""Lead Gen Forms nativos"",""Account-Based Marketing""]",[],[],0
2026-09-15T18:01:28+00:00,logan,Logan,Mobilidade,ooh,Circuitos urbanos e trajetos,94,R$ 12.000,"Mídia em trajetos e circuitos urbanos. Use quando o cliente precisa de presença no caminho, não só na tela.","[{""nome"":""Rota"",""quando"":""caminho casa–trabalho"",""exemplo"":""Corredor da cidade""},{""nome"":""Cidade e período"",""quando"":""circuito fechado"",""exemplo"":""2 semanas em SP""},{""nome"":""Complemento OOH"",""quando"":""já tem rua ou metrô"",""exemplo"":""Mesmo período da Eletromidia""},{""nome"":""Classe do trajeto"",""quando"":""AB vs massa"",""exemplo"":""Centro vs periferia""}]","[""Impacto no trajeto"",""Praça e rota sob medida"",""Complemento de campanha OOH""]",[],[],0
2026-09-15T18:01:28+00:00,hbo-max,Max (HBO),Streaming,ctv,+10M assinantes BR,98,R$ 45.000,"Streaming premium com conteúdo HBO, Warner Bros, DC e Discovery. Séries aclamadas e filmes blockbuster.","[{""nome"":""Brand safety por conteúdo premium"",""quando"":""quando a campanha precisa aparecer ao lado de séries e filmes premium"",""exemplo"":""inserção em conteúdo de alto valor de marca dentro do catálogo Max""},{""nome"":""Contexto de conteúdo em gêneros"",""quando"":""quando a compra usa afinidade editorial por gênero ou tema"",""exemplo"":""esportes, drama, infantil, documentários""},{""nome"":""Eventos ao vivo"",""quando"":""quando a campanha quer acompanhar transmissões live"",""exemplo"":""Paulistão com inserção dinâmica de anúncios""},{""nome"":""1st party do plano com anúncios"",""quando"":""quando a ativação considera somente inventário do plano Básico com anúncios"",""exemplo"":""entrega para assinantes do plano ad-supported""},{""nome"":""Frequência e controle de exposição"",""quando"":""quando a campanha exige limitação de repetição"",""exemplo"":""limite de frequência por marca""},{""nome"":""Segurança de marca"",""quando"":""quando a compra precisa de ambientes selecionados e qualificados"",""exemplo"":""associação a conteúdo selecionado de alta qualidade""}]","[""Séries premium (House of the Dragon, The Last of Us)"",""Conteúdo HBO aclamado pela crítica"",""Audiência premium e engajada"",""Ambiente brand safe""]",[],[],0
2026-09-15T18:01:28+00:00,netflix,Netflix,Streaming,ctv,+20M assinantes BR,99,R$ 50.000,A maior plataforma de streaming de vídeo do mundo. Plano com anúncios oferece acesso a audiência premium em ambiente brand safe.,"[{""nome"":""Rotativo (sem segmentação)"",""quando"":""campanha de cobertura ampla no plano com anúncios"",""exemplo"":""Inserção de vídeo ads distribuídos em diferentes títulos e gêneros, sem filtro adicional de conteúdo.[14]""},{""nome"":""Por gênero de conteúdo"",""quando"":""campanha alinhada ao contexto editorial"",""exemplo"":""Segmentação para exibir anúncios apenas em séries de comédia ou filmes de ação.[14]""},{""nome"":""Top 10 Netflix"",""quando"":""campanhas que priorizam títulos de maior audiência"",""exemplo"":""Compra de inventário em filmes e séries listados no Top 10 diário da Netflix.[14]""},{""nome"":""Primeira impressão do dia"",""quando"":""lançamentos e comunicações que buscam alto impacto na primeira sessão do usuário"",""exemplo"":""Garantir que o primeiro anúncio exibido ao usuário em seu dia na Netflix seja da marca da campanha.[14]""},{""nome"":""Interesse (Ads Suite, +100 opções)"",""quando"":""campanhas orientadas a perfis de audiência com base em comportamento de consumo"",""exemplo"":""Segmentar usuários com interesse em esportes, kids & family ou true crime usando a camada de dados da Netflix Ads Suite.[7][11]""},{""nome"":""Categorias de audiência (17 categorias)"",""quando"":""planejamento mais granular em clusters de conteúdo/consumo"",""exemplo"":""Comprar mídia em categorias como entretenimento jovem adulto ou lifestyle, conforme taxonomia da plataforma.[7]""},{""nome"":""Audiências 1st party (Amazon Audiences via programático)"",""quando"":""campanhas com compra programática que usam dados de terceiros integrados"",""exemplo"":""Usar audiências Amazon para orientar compras programáticas de inventário Netflix no Brasil e México.[6]""},{""nome"":""Momento de maratona (binge behavior)"",""quando"":""campanhas que consideram o comportamento de assistir vários episódios em sequência"",""exemplo"":""Ativar criativos específicos em blocos de anúncios antes dos três primeiros episódios de uma série, respeitando novos formatos binge ad anunciados pela Netflix.[15]""}]","[""Ambiente 100% brand safe - conteúdo curado"",""Audiência premium e engajada"",""Sem skip - completion rate de 97%"",""Targeting por títulos populares (Top 10)""]","[""netflix-demo-18-24"",""netflix-demo-25-34"",""netflix-demo-35-44"",""netflix-demo-45plus"",""netflix-gen-acao"",""netflix-mood-adrenalina"",""netflix-gen-alimentacao"",""netflix-int-alimentos-bebidas"",""netflix-int-animais"",""netflix-mood-aprender"",""netflix-int-arte-entretenimento"",""netflix-gen-bem-estar"",""netflix-int-carreira"",""netflix-gen-casa-construcao"",""netflix-int-casa-jardim"",""netflix-int-celebridades"",""netflix-int-ciencia-tech"",""netflix-gen-comedia"",""netflix-int-cultura-pop"",""netflix-int-danca"",""netflix-gen-drama"",""netflix-int-economia"",""netflix-int-educacao"",""netflix-mood-escapar"",""netflix-int-esportes"",""netflix-gen-esportes"",""netflix-int-fases-vida"",""netflix-gen-festas-fimdeano"",""netflix-int-festas"",""netflix-gen-scifi-fantasia"",""netflix-int-historia-cultura"",""netflix-demo-homens"",""netflix-int-ecologia"",""netflix-int-midia-noticias"",""netflix-int-moda"",""netflix-demo-f18-24"",""netflix-demo-f25-34"",""netflix-demo-mulheres"",""netflix-gen-musica"",""netflix-int-musica"",""netflix-int-negocios"",""netflix-int-parentalidade"",""netflix-mood-realismo"",""netflix-gen-realities"",""netflix-mood-relaxar"",""netflix-mood-rir"",""netflix-mood-romance"",""netflix-gen-romance"",""netflix-int-saude-fitness"",""netflix-int-standup"",""netflix-mood-suspense"",""netflix-gen-suspense-terror"",""netflix-mood-sustos"",""netflix-gen-familia"",""netflix-int-universidade"",""netflix-int-automotivos"",""netflix-gen-viagens"",""netflix-int-viagens"",""netflix-int-videogames"",""netflix-gen-videogames""]","[""18-24 anos (Young Adults)"",""25-34 anos (Core Adults)"",""35-44 anos"",""45+ anos"",""Acao"",""Adrenalina"",""Alimentacao"",""Alimentos e Bebidas"",""Animais e Bichos de Estimacao"",""Aprender"",""Arte e Entretenimento"",""Bem-estar"",""Carreira e Trabalho"",""Casa e Construcao"",""Casa e Jardim"",""Celebridades"",""Ciencia e Tecnologia"",""Comedia"",""Cultura Pop"",""Danca e Performance"",""Drama"",""Economia e Financas"",""Educacao"",""Escapar da Realidade"",""Esportes"",""Esportes"",""Fases da Vida"",""Festas de Fim de Ano"",""Festas e Comemoracoes"",""Ficcao Cientifica e Fantasia"",""Historia e Cultura"",""Homens (Geral)"",""Meio Ambiente e Ecologia"",""Midia e Noticias"",""Moda"",""Mulheres 18-24"",""Mulheres 25-34"",""Mulheres (Geral)"",""Musica"",""Musica e Cancoes"",""Negocios e Industria"",""Parentalidade"",""Realismo"",""Realities e Variedades"",""Relaxar"",""Rir"",""Romance"",""Romance"",""Saude e Fitness"",""Stand Up e Comedia"",""Suspense"",""Suspense e Terror"",""Sustos"",""Titulos para a Familia"",""Universidade e Vida Adulta"",""Veiculos Automotivos"",""Viagens"",""Viagens"",""Videogames"",""Videogames""]",60
2026-09-15T18:01:28+00:00,paramount-plus,Paramount+,Streaming,ctv,+8M assinantes BR,97,R$ 25.000,"Streaming premium com conteúdo exclusivo da Paramount, MTV, Nickelodeon, Comedy Central e mais.","[{""nome"":""Esportes"",""quando"":""futebol e NFL"",""exemplo"":""Jogos e mesas""},{""nome"":""Filmes e franquias"",""quando"":""marca em conteúdo"",""exemplo"":""Cinema Paramount""},{""nome"":""Horário"",""quando"":""noite CTV"",""exemplo"":""Prime time""},{""nome"":""Praça"",""quando"":""teste BR"",""exemplo"":""Sudeste""}]","[""Conteúdo infantil premium (Nickelodeon)"",""Público jovem via MTV"",""Filmes em lançamento"",""Futebol - Champions League""]",[],[],0
2026-09-15T18:01:28+00:00,podcast-ads,Podcast Ads (Rede),Streaming,audio,+40M ouvintes BR,95,R$ 10.000,"Publicidade em podcasts brasileiros via redes de podcast (Spotify, iHeartMedia, Podtag, etc.).","[{""nome"":""Programa específico"",""quando"":""quando o anunciante quer comprar inventário de um podcast ou série específica"",""exemplo"":""compra local em programas originais e exclusivos no Brasil""},{""nome"":""Catálogo de originais e exclusivos"",""quando"":""quando a campanha quer cobertura dentro do ecossistema de podcasts do publisher"",""exemplo"":""inventário em podcasts originais e exclusivos do Spotify""},{""nome"":""Catálogo global de originais e exclusivos"",""quando"":""quando a marca quer alcançar ouvintes brasileiros consumindo podcasts fora do Brasil"",""exemplo"":""programas dos Estados Unidos, Reino Unido, México, Alemanha, Austrália e Suécia""},{""nome"":""Geografia"",""quando"":""quando a compra usa segmentação por localização no delivery dinâmico"",""exemplo"":""anúncios inseridos dinamicamente com base na região do ouvinte""},{""nome"":""Categoria / contexto editorial"",""quando"":""quando a marca busca aderência temática do programa"",""exemplo"":""podcasts de notícias, entretenimento ou cultura alinhados ao tema da campanha""},{""nome"":""Comportamento / audiência"",""quando"":""quando a compra usa dados de audiência e consumo para distribuição"",""exemplo"":""segmentação por comportamento de escuta em inserção dinâmica""}]","[""Host-read ads com alta credibilidade"",""92% completion rate"",""Audiência premium (68% classe AB)"",""Contexto temático preciso""]",[],[],0
2026-09-15T18:01:28+00:00,prime-video,Prime Video,Streaming,ctv,+12M assinantes BR,97,R$ 35.000,"Streaming da Amazon com conteúdo original, filmes e séries. Integração com ecossistema Amazon.","[{""nome"":""Membros Prime"",""quando"":""Quando a campanha mira audiência engajada com maior propensão à compra e retenção."",""exemplo"":""Alvo: membros Prime que consomem séries originais e ofertas exclusivas.""},{""nome"":""Dados de compra Amazon"",""quando"":""Quando quiser alinhar criativos a comportamento de compra e intenção de compra clara."",""exemplo"":""Alvo: usuários que demonstraram interesse ou compraram categorias relacionadas ao produto anunciado.""},{""nome"":""Fãs de esportes / transmissões ao vivo"",""quando"":""Durante eventos esportivos ou para aproveitar alto engajamento em transmissões ao vivo."",""exemplo"":""Alvo: espectadores de transmissões como Thursday Night Football para promoções relacionadas a esportes.""},{""nome"":""Proprietários de Fire TV / cross-device"",""quando"":""Quando a estratégia exige alcance otimizado em TV conectada e mensuração cross-device."",""exemplo"":""Alvo: usuários com Fire TV para promover apps, serviços ou ofertas específicas para TV.""},{""nome"":""Contextual por gênero/conteúdo"",""quando"":""Quando a mensagem deve estar alinhada ao tipo de conteúdo assistido (série, filme, comédia)."",""exemplo"":""Alvo: espectadores de comédias para campanhas de marcas com tom leve e humorístico.""},{""nome"":""Demografia e perfil de renda"",""quando"":""Para campanhas de produtos/serviços premium ou segmentação por poder aquisitivo."",""exemplo"":""Alvo: públicos com perfil de maior poder aquisitivo para lançamentos de marca premium.""}]","[""Dados de compra Amazon integrados"",""Audiência Prime alto ticket"",""Thursday Night Football"",""Cross-device com Fire TV""]","[""primevideo-adultos-25-34"",""primevideo-adultos-35-44"",""primevideo-adultos-35plus"",""primevideo-alta-renda"",""primevideo-amantes-musica"",""primevideo-anime"",""primevideo-biografias-biopics"",""primevideo-black-friday-buyers"",""primevideo-black-friday-viewers"",""primevideo-business"",""primevideo-comedia-romantica"",""primevideo-compradores-alexa-echo"",""primevideo-alto-ticket"",""primevideo-compradores-prime"",""primevideo-compradores-recorrentes"",""primevideo-categoria-especifica"",""primevideo-compradores-kindle"",""primevideo-brasil"",""primevideo-halloween"",""primevideo-infantil-familia"",""primevideo-natalino"",""primevideo-copa-do-mundo"",""primevideo-core-25-44"",""primevideo-dia-das-maes"",""primevideo-dia-dos-namorados"",""primevideo-drama-psicologico"",""primevideo-eco"",""primevideo-empreendedores"",""primevideo-carnaval"",""primevideo-esportes-geral"",""primevideo-natal"",""primevideo-familias"",""primevideo-fantasia-epica"",""primevideo-acao-aventura"",""primevideo-animacao"",""primevideo-comedia"",""primevideo-documentarios"",""primevideo-drama"",""primevideo-brasileirao"",""primevideo-copa-brasil"",""primevideo-reality"",""primevideo-romance"",""primevideo-scifi-fantasia"",""primevideo-suspense-thriller"",""primevideo-terror-horror"",""primevideo-fashionistas"",""primevideo-nba"",""primevideo-ferias-julho"",""primevideo-scifi-hard"",""primevideo-fitness-health"",""primevideo-foodies"",""primevideo-futebol-feminino"",""primevideo-gamers"",""primevideo-guerra-historico"",""primevideo-halloween-viewers"",""primevideo-heavy-sports"",""primevideo-homens"",""primevideo-investidores"",""primevideo-jovens-18-24"",""primevideo-jovens-adultos"",""primevideo-lookalike-top"",""primevideo-maduros-45-54"",""primevideo-mma-lutas"",""primevideo-mulheres"",""primevideo-musical"",""primevideo-navegadores"",""primevideo-parents"",""primevideo-prime-day"",""primevideo-prime-day-buyers"",""primevideo-remarketing-copa"",""primevideo-seniores-55plus"",""primevideo-standup-comedy"",""primevideo-tech-enthusiasts"",""primevideo-thriller-policial"",""primevideo-times-rj"",""primevideo-times-sp"",""primevideo-true-crime"",""primevideo-viajantes-frequentes"",""primevideo-volta-as-aulas"",""primevideo-western-faroeste""]","[""Adultos 25-34 anos"",""Adultos 35-44 anos"",""Adultos 35+ (Decisores)"",""Alta Renda (A/B)"",""Amantes de Musica"",""Anime"",""Biografias e Biopics"",""Black Friday Buyers"",""Black Friday Viewers"",""Business Professionals"",""Comedia Romantica"",""Compradores Alexa / Echo"",""Compradores Alto Ticket"",""Compradores Amazon Prime"",""Compradores Amazon Recorrentes"",""Compradores Categorias Especificas"",""Compradores Kindle"",""Conteudo Brasileiro"",""Conteudo Halloween (Sazonal)"",""Conteudo Infantil/Familia"",""Conteudo Natalino (Sazonal)"",""Copa do Mundo"",""Core Audience (25-44)"",""Dia das Maes"",""Dia dos Namorados"",""Drama Psicologico"",""Eco-Conscious / Sustentaveis"",""Empreendedores"",""Espectadores Carnaval"",""Espectadores Esportes - Geral"",""Espectadores Natal"",""Familias com Filhos"",""Fantasia Epica"",""Fas de Acao e Aventura"",""Fas de Animacao"",""Fas de Comedia"",""Fas de Documentarios"",""Fas de Drama"",""Fas de Futebol - Brasileirao"",""Fas de Futebol - Copa do Brasil"",""Fas de Reality Shows"",""Fas de Romance"",""Fas de Sci-Fi e Fantasia"",""Fas de Suspense e Thriller"",""Fãs de Terror e Horror"",""Fashionistas"",""Fas NBA / Basketball"",""Ferias Julho"",""Ficcao Cientifica Hard"",""Fitness e Health Conscious"",""Foodies e Gourmets"",""Futebol Feminino"",""Gamers"",""Guerra e Historico"",""Halloween Viewers"",""Heavy Sports Viewers"",""Homens Prime Video"",""Investidores"",""Jovens 18-24 anos"",""Jovens Adultos 18-34"",""Lookalike Compradores Top"",""Maduros 45-54 anos"",""MMA e Lutas"",""Mulheres Prime Video"",""Musical"",""Navegadores Amazon (Nao Compraram)"",""Parents e Family Focused"",""Prime Day"",""Prime Day Buyers"",""Remarketing Copa do Brasil"",""Seniores 55+"",""Stand-up Comedy"",""Tech Enthusiasts"",""Thriller Policial"",""Torcedores Times Grandes RJ"",""Torcedores Times Grandes SP"",""True Crime"",""Viajantes Frequentes"",""Volta as Aulas"",""Western / Faroeste""]",80
2026-09-15T18:01:28+00:00,r7,R7,Portais,portal,+80M pageviews/mês,68,R$ 10.000,Portal de notícias do Grupo Record com grande audiência nacional. Forte em entretenimento e notícias.,"[{""nome"":""Contexto editorial de notícias"",""quando"":""campanhas que precisam estar associadas a conteúdo jornalístico nacional"",""exemplo"":""inserir display e native em seções de notícias gerais e política do portal R7.""},{""nome"":""Contexto de entretenimento"",""quando"":""marcas que querem aproveitar afinidade com conteúdos de entretenimento e celebridades"",""exemplo"":""usar formatos de display e branded content em editorias de entretenimento e áreas ligadas à Record TV.""},{""nome"":""Integração multiplataforma portal + redes sociais"",""quando"":""projetos que combinam presença no site e nas redes sociais do R7"",""exemplo"":""ativar conteúdo patrocinado no portal com posts de imagem, texto ou vídeo no Instagram e Facebook do R7.""},{""nome"":""Geo nacional com presença em parceiros"",""quando"":""campanhas que buscam alcance nacional aproveitando inventário próprio e de parceiros digitais"",""exemplo"":""comprar retângulo e outros formatos que rodam em home, internas e rede de parceiros do R7.""},{""nome"":""Projetos especiais de branded content"",""quando"":""campanhas que priorizam storytelling e formatos editoriais customizados"",""exemplo"":""desenvolver reportagem multimídia patrocinada via R7 Estúdio com distribuição em portal e redes.""},{""nome"":""Momentos de alta audiência na home"",""quando"":""lançamentos e ações de grande impacto que precisam dominar a homepage"",""exemplo"":""usar intervenção padrão/takeover da home por 24h em desktop e mobile.""},{""nome"":""Ambientes de vídeo e VOD"",""quando"":""marcas que desejam presença em player de vídeo e conteúdo sob demanda do ecossistema R7"",""exemplo"":""formatos de vídeo e conteúdo patrocinado em áreas de VOD e R7 TV, conforme tabelas de preços.""},{""nome"":""Conteúdo em redes sociais do R7"",""quando"":""campanhas que priorizam distribuição orgânica em perfis oficiais do R7"",""exemplo"":""posts patrocinados com menção à marca, hashtags e handshake com perfil do anunciante em Instagram e Facebook.""}]","[""Forte audiência em entretenimento"",""Integração com conteúdo Record TV"",""Bom custo-benefício"",""Audiência classe C expressiva""]",[],[],0
2026-09-15T18:01:28+00:00,samsung-tv-plus,Samsung TV Plus,Streaming,ctv,+20M Smart TVs BR,97,R$ 20.000,"Streaming gratuito pré-instalado em mais de 20 milhões de Smart TVs Samsung no Brasil. Acesso direto à tela inicial — sem app, sem login.","[{""nome"":""Socioeconômica"",""quando"":""Campanhas de posicionamento premium ou lançamento de produto com foco em alto poder aquisitivo"",""exemplo"":""Alvo em Classe A/B (audiência premium: 68% Classe A/B)""},{""nome"":""Geográfica"",""quando"":""Ativações regionais, promoções locais ou lançamento por mercado"",""exemplo"":""Segmentar por estado ou cidade — ex.: São Paulo capital""},{""nome"":""Por conteúdo / gênero"",""quando"":""Quando a mensagem precisa estar alinhada ao tipo de programa (esporte, notícias, entretenimento)"",""exemplo"":""Usuários que consomem canais de esporte para promoção de produtos relacionados a fitness""},{""nome"":""Comportamental (ACR)"",""quando"":""Campanhas orientadas a intenção ou afinidade usando sinais de ACR"",""exemplo"":""Público com sinais de interesse em automóveis identificado via dados ACR""},{""nome"":""Tela inicial / descoberta"",""quando"":""Lançamentos e campanhas de awareness que se beneficiam de alta visibilidade imediata"",""exemplo"":""Home Screen Takeover para promover nova série ou produto no primeiro ponto de contato""},{""nome"":""Dayparting (horário)"",""quando"":""Otimização de entrega para horários com maior engajamento do público-alvo"",""exemplo"":""Exibir criativos focados em família no horário nobre (ex.: 20h–23h)""}]","[""Acesso à tela inicial — primeiro ponto de contato ao ligar a TV"",""Audiência premium: 68% classe A/B"",""Dados exclusivos de ACR"",""Sem necessidade de app ou login"",""Samsung é líder de mercado de TVs no Brasil (34%)"",""Mensuração cross-device""]",[],[],0
2026-09-15T18:01:28+00:00,sbt,SBT,Portais,portal,+60M pageviews/mês,72,R$ 10.000,"Segunda maior emissora do Brasil com portal digital, streaming gratuito (+SBT) e SBT News 24h. Transmitirá 32 jogos da Copa do Mundo 2026.","[{""nome"":""Contexto de notícias (SBT News digital)"",""quando"":""campanhas que precisam estar associadas a conteúdo jornalístico e cobertura em tempo real"",""exemplo"":""Inserir vídeos pre-roll e banners em páginas e vídeos de SBT News com foco em política, economia e cotidiano""},{""nome"":""Entretenimento e programas do SBT em ambiente digital"",""quando"":""marcas que querem se conectar com conteúdo de variedades, auditório e novelas em plataformas digitais"",""exemplo"":""Branded content e vídeos digitais integrados a programas como Domingo Legal ou Eliana, distribuídos em portal, +SBT e canais digitais""},{""nome"":""Momento esportivo — Copa do Mundo 2026"",""quando"":""campanhas atreladas à alta atenção durante jogos e cobertura da Copa em propriedades digitais do SBT"",""exemplo"":""Pacotes com pre-roll, display e conteúdo patrocinado sincronizados aos 32 jogos em TV aberta e ambientes digitais""},{""nome"":""Audiência migrada da TV aberta para digital"",""quando"":""anunciantes que querem reaproveitar a força da marca SBT e sua base de TV no ambiente online"",""exemplo"":""Planejar campanhas em vídeo digital + display em SBT News e +SBT como extensão de planos de TV""},{""nome"":""Ambiente de streaming gratuito (+SBT)"",""quando"":""marcas que querem presença em consumo on demand e linear via internet sem barreira de assinatura"",""exemplo"":""Inserir vídeo ads e projetos especiais em conteúdos do +SBT, alcançando usuários em smart TVs, apps e browsers""},{""nome"":""Dispositivos conectados (CTV e smart TVs)"",""quando"":""campanhas focadas em experiência de tela grande em conteúdo digital do SBT"",""exemplo"":""Veiculação de vídeo ads antes de conteúdos de SBT News e +SBT em smart TVs, atingindo consumo de TV conectada""},{""nome"":""Projetos especiais interativos e formatos diferenciados"",""quando"":""campanhas que buscam formatos além de spots tradicionais, com maior engajamento"",""exemplo"":""Ações com pop-ups interativos, menções em conteúdo digital e ativações customizadas junto a propriedades do SBT""},{""nome"":""Momento esportivo Copa do Mundo 2026"",""quando"":""campanhas atreladas à alta atenção durante jogos e cobertura da Copa em propriedades digitais do SBT"",""exemplo"":""Pacotes com pre-roll, display e conteúdo patrocinado em áreas especiais da Copa no portal, apps e streaming, sincronizados aos 32 jogos em TV aberta.""}]","[""Copa do Mundo 2026: 32 jogos na TV aberta + digital"",""Streaming gratuito +SBT: sem barreira de assinatura"",""SBT News 24h: 162M views/mês no YouTube"",""Audiência massiva migrada da TV aberta""]","[""sbt-demo-18-24"",""sbt-demo-25-34"",""sbt-demo-35-44"",""sbt-demo-45plus"",""sbt-demo-25-54"",""sbt-cust-youtube-cross"",""sbt-fmt-branded"",""sbt-edit-brand-safety"",""sbt-demo-classe-cde"",""sbt-comp-youtube"",""sbt-pkg-copa-2026"",""sbt-comb-copa-video-m"",""sbt-comb-copa-classe-c"",""sbt-edit-copa-2026"",""sbt-cust-crm"",""sbt-exp-noite-nobre"",""sbt-exp-desktop"",""sbt-fmt-display"",""sbt-edit-entretenimento"",""sbt-comb-ent-f"",""sbt-edit-esportes"",""sbt-demo-familias"",""sbt-comp-fas-copa"",""sbt-edit-manha-infantil"",""sbt-comp-heavy-ent"",""sbt-demo-homens"",""sbt-edit-nobre"",""sbt-comp-nobre"",""sbt-edit-infantil"",""sbt-comb-infantil-f-manha"",""sbt-edit-keywords"",""sbt-comp-light"",""sbt-cust-lookalike"",""sbt-cust-lookalike-copa"",""sbt-comb-lookalike-novela"",""sbt-edit-migracao-digital"",""sbt-comp-migracao"",""sbt-exp-mobile"",""sbt-demo-mulheres"",""sbt-fmt-native"",""sbt-comp-news"",""sbt-comb-news-desktop"",""sbt-edit-novela"",""sbt-comb-top-mobile"",""sbt-cust-retargeting"",""sbt-comb-retarget-preroll"",""sbt-edit-news"",""sbt-edit-programas-top"",""sbt-exp-smarttv"",""sbt-edit-mais-sbt"",""sbt-comb-streaming-ctv"",""sbt-demo-torcedores-copa"",""sbt-comp-streaming-web"",""sbt-fmt-preroll"",""sbt-comb-youtube-genz"",""sbt-exp-youtube"",""sbt-edit-youtube""]","[""18-24"",""25-34"",""35-44"",""45+"",""Adults 25-54"",""Audiencia video YouTube cross"",""Branded Content"",""Brand safety"",""Classe C DE predominante"",""Consumidores YouTube SBT"",""Copa 2026 pacote jogos"",""Copa 2026 + Video + Homens"",""Copa + Classe C"",""Copa do Mundo 2026"",""CRM Match DV360 TTD"",""Daypart noite nobre"",""Desktop"",""Display 300x250"",""Entretenimento geral"",""Entretenimento + Mulheres"",""Esportes SBT"",""Familias com filhos"",""Fas Copa 2026"",""Grade manha infantil"",""Heavy viewers entretenimento"",""Homens geral"",""Horario nobre 20h-23h"",""Horario nobre engajados"",""Infantil Bom Dia e Cia"",""Infantil + Mulheres manha"",""Keywords contextuais"",""Light viewers"",""Lookalike"",""Lookalike Copa"",""Lookalike novela"",""Migracao TV aberta digital"",""Migracao TV digital"",""Mobile"",""Mulheres geral"",""Native"",""News jornalismo digital"",""Noticias + Desktop"",""Novela e drama"",""Programas tops + Mobile"",""Retargeting"",""Retargeting + Pre-roll"",""SBT News 24h"",""Silvio Santos Eliana Portiolli"",""Smart TV mais SBT"",""Streaming mais SBT"",""Streaming + Smart TV"",""Torcedores Copa 2026"",""Usuarios mais SBT vs portal"",""Video Pre-roll"",""YouTube + Gen Z"",""YouTube instream"",""YouTube SBT""]",57
2026-09-15T18:01:28+00:00,experian-portal,Serasa,Portais,portal,+35M visitas/mês,85,R$ 10.000,"Inventário de mídia premium no ecossistema Serasa: portal com +35M de visitas/mês, app com +30M de downloads, Feirão Limpa Nome e landing pages co-branded.","[{""nome"":""Score de crédito"",""quando"":""campanhas de aquisição ou oferta de crédito"",""exemplo"":""Ofertas de empréstimo ou cartão direcionadas a usuários por faixa de score via app/portal""},{""nome"":""Inadimplentes / Renegociação"",""quando"":""ações de recuperação de crédito e eventos especiais"",""exemplo"":""Comunicação para usuários com restrição cadastral antes/durante o Feirão Limpa Nome""},{""nome"":""Intenção de produto financeiro"",""quando"":""campanhas de conversão (meio/fundo de funil)"",""exemplo"":""Usuários que consultaram simuladores ou conteúdos sobre crédito e financiamento""},{""nome"":""Engajamento no app"",""quando"":""promoções por push ou retenção"",""exemplo"":""Push segmentado para usuários ativos do app com histórico de interação em produtos financeiros""},{""nome"":""E-mail marketing segmentado"",""quando"":""ativação direta e remarketing"",""exemplo"":""Sequência de e-mails para leads qualificados com proposta customizada de crédito""},{""nome"":""Segmentação geográfica e demográfica"",""quando"":""campanhas regionais ou por perfil socioeconômico"",""exemplo"":""Promoção local para ofertas de serviços financeiros em determinadas cidades ou perfis etários""}]","[""Portal Serasa: +35M visitas/mês com audiência financeiramente engajada"",""App Serasa: +30M downloads, push segmentado por score"",""Imóveis RJ, score 500+, classe ABC, 30 dias: ECS 190.970 / Meta 1.514.181 / TikTok 58.035"",""Automotivo RJ, score 500+, ABC: ECS 426.770 / Meta 4.061.559 / TikTok 102.218"",""Viajantes RJ, score 500+, ABC: ECS 502.190 / Meta 1.211.725 / TikTok 40.296"",""Nação do Futebol RJ: ECS 253.591 / Meta 1.423.062 / TikTok 71.435""]","[""serasa-servicos-academias"",""serasa-adimplentes-recorrentes"",""serasa-adultos-estabelecidos"",""serasa-adultos-jovens"",""serasa-tech-marketing-digital"",""serasa-agro-industria"",""serasa-alta-renda"",""serasa-logistica-armazenagem"",""serasa-construcao-projetos"",""serasa-empresas-atacado"",""serasa-baixa-renda"",""serasa-saude-fisioterapia"",""serasa-servicos-clinicas"",""serasa-saude-clinicas-espec"",""serasa-saude-odonto"",""serasa-saude-veterinaria"",""serasa-agro-maquinas"",""serasa-empresas-construcao"",""serasa-construcao-construtoras"",""serasa-tech-consultoria"",""serasa-agro-cooperativas"",""serasa-servicos-cursos"",""serasa-tech-datacenter"",""serasa-construcao-preparacao"",""serasa-tech-software"",""serasa-saude-distribuidoras"",""serasa-agro-insumos"",""serasa-tech-ecommerce"",""serasa-logistica-courier"",""serasa-tech-seguranca"",""serasa-empresas-servicos"",""serasa-empresas-varejo"",""serasa-empresas-agro"",""serasa-recuperacao-credito"",""serasa-servicos-advocacia"",""serasa-servicos-contabilidade"",""serasa-varejo-farmacias"",""serasa-empresas-grande"",""serasa-homens"",""serasa-saude-hospitais"",""serasa-servicos-hospedagem"",""serasa-construcao-imobiliarias"",""serasa-construcao-incorporadoras"",""serasa-industria-alimenticia"",""serasa-industria-auto"",""serasa-industria-embalagens"",""serasa-industria-moveis"",""serasa-industria-plasticos"",""serasa-industria-metalurgica"",""serasa-industria-quimica"",""serasa-empresas-industria"",""serasa-industria-textil"",""serasa-construcao-instalacoes"",""serasa-varejo-luxo"",""serasa-jovens-adultos"",""serasa-logistica-locadoras"",""serasa-empresas-logistica"",""serasa-varejo-autopecas"",""serasa-tech-lojas"",""serasa-varejo-moveis"",""serasa-varejo-eletro"",""serasa-varejo-construcao"",""serasa-varejo-moda"",""serasa-media-alta-renda"",""serasa-media-baixa-renda"",""serasa-media-renda"",""serasa-empresas-medio"",""serasa-meia-idade-senior"",""serasa-empresas-mei"",""serasa-empresas-micro"",""serasa-mulheres"",""serasa-construcao-infraestrutura"",""serasa-servicos-oficinas"",""serasa-logistica-operadores"",""serasa-varejo-padarias"",""serasa-agro-pecuaria"",""serasa-empresas-pequeno"",""serasa-varejo-pet"",""serasa-construcao-acabamentos"",""serasa-varejo-postos"",""serasa-potencial-bom-pagador"",""serasa-agro-cafe"",""serasa-agro-cana"",""serasa-agro-graos"",""serasa-servicos-beleza"",""serasa-score-alto-excelente"",""serasa-score-baixo"",""serasa-score-bom"",""serasa-score-medio"",""serasa-score-muito-baixo"",""serasa-empresas-publico"",""serasa-varejo-supermercados"",""serasa-tech-suporte"",""serasa-empresas-tecnologia"",""serasa-empresas-telecom"",""serasa-logistica-passageiros"",""serasa-empresas-utilities""]","[""Academias e Centros Fitness"",""Adimplentes Recorrentes"",""Adultos Estabelecidos (35-44)"",""Adultos Jovens (25-34)"",""Agências Marketing Digital"",""Agroindústria"",""Alta Renda (R$ 10.000+)"",""Armazenamento e Depósitos"",""Arquitetos e Engenheiros"",""Atacadistas e Distribuidoras"",""Baixa Renda (até R$ 1,5k)"",""Clínicas de Fisioterapia"",""Clínicas Médicas e Odontológicas"",""Clínicas Médicas Especializadas"",""Clínicas Odontológicas"",""Clínicas Veterinárias"",""Comércio Máquinas Agrícolas"",""Construção e Imóveis"",""Construtoras de Edifícios"",""Consultoria em TI"",""Cooperativas Agropecuárias"",""Cursos Profissionalizantes"",""Data Centers e Hospedagem"",""Demolição e Preparação Terrenos"",""Desenvolvimento Software"",""Distribuidoras de Medicamentos"",""Distribuidores Insumos Agrícolas"",""E-commerce"",""Empresas Courier e Entregas"",""Empresas de Cibersegurança"",""Empresas de Serviços"",""Empresas de Varejo"",""Empresas do Agronegócio"",""Em Recuperação de Crédito"",""Escritórios de Advocacia"",""Escritórios de Contabilidade"",""Farmácias e Drogarias"",""Grandes Empresas"",""Homens Serasa"",""Hospitais e Pronto-Socorro"",""Hotéis e Pousadas"",""Imobiliárias"",""Incorporadoras Imobiliárias"",""Indústria Alimentícia"",""Indústria Automobilística"",""Indústria de Embalagens"",""Indústria de Móveis"",""Indústria de Plásticos e Borracha"",""Indústria Metalúrgica"",""Indústria Química e Farmacêutica"",""Indústrias"",""Indústria Têxtil e Vestuário"",""Instalações Elétricas/Hidráulicas"",""Joalherias e Óticas"",""Jovens Adultos (18-24)"",""Locadoras de Veículos"",""Logística e Transporte"",""Lojas de Autopeças"",""Lojas de Informática"",""Lojas de Móveis"",""Lojas Eletrodomésticos"",""Lojas Materiais Construção"",""Lojas Vestuário e Calçados"",""Média-Alta Renda (R$ 5-10k)"",""Média-Baixa Renda (R$ 1,5-2,5k)"",""Média Renda (R$ 2,5-5k)"",""Médias Empresas"",""Meia Idade e Sênior (45+)"",""MEI - Microempreendedor"",""Microempresas"",""Mulheres Serasa"",""Obras de Infraestrutura"",""Oficinas Mecânicas"",""Operadores Logísticos 3PL/4PL"",""Padarias e Confeitarias"",""Pecuaristas"",""Pequenas Empresas"",""Pet Shops"",""Pintura e Acabamentos"",""Postos de Combustíveis"",""Potencial Bom Pagador"",""Produtores de Café"",""Produtores de Cana"",""Produtores de Grãos"",""Salões de Beleza e Estética"",""Score Alto (Excelente - 800+)"",""Score Baixo (300-499)"",""Score Bom (700-799)"",""Score Médio (500-699)"",""Score Muito Baixo (0-299)"",""Setor Público"",""Supermercados e Hipermercados"",""Suporte Técnico TI"",""Tecnologia"",""Telecomunicações"",""Transporte de Passageiros"",""Utilities (Energia/Água)""]",97
2026-09-15T18:01:28+00:00,experian-dmp,Serasa Data (DMP),Dados,data,+200M perfis,,R$ 10.000,A maior base de dados financeiros do Brasil com +200M de perfis. Audiências first-party exclusivas para ativação em qualquer DSP.,"[{""nome"":""Audiências Digitais Serasa"",""quando"":""Quando o anunciante precisa ativar campanhas em DSPs e redes sociais usando audiências prontas e exclusivas baseadas em dados demográficos, financeiros e comportamentais."",""exemplo"":""Campanhas de aquisição segmentando consumidores com maior propensão a contratar cartão de crédito ou empréstimo, ativadas diretamente em gerenciadores de anúncios.[1][3][8][11]""},{""nome"":""Modelos de Afinidade e Propensão à Compra"",""quando"":""Quando o objetivo é encontrar pessoas com maior probabilidade de comprar determinado produto ou serviço, usando modelos preditivos."",""exemplo"":""Segmentos de alta propensão a contratar serviços financeiros específicos (ex.: financiamento de veículos), otimizando a conversão das campanhas.[1][2]""},{""nome"":""Clone / Lookalike de Base Própria"",""quando"":""Quando o anunciante quer escalar um público que já funciona bem, criando audiências semelhantes a uma base de referência (clientes ou leads)."",""exemplo"":""A partir da base de clientes com bom histórico de crédito, gerar um público semelhante para prospecção em mídia programática.[1][10]""},{""nome"":""Segmentação Financeira e de Risco de Crédito"",""quando"":""Quando é necessário recortar a audiência por atributos financeiros e de crédito para adequar oferta, risco e mensagem."",""exemplo"":""Campanhas diferenciadas para perfis com maior capacidade de pagamento versus perfis em momento de renegociação ou inadimplência, usando atributos financeiros agregados.[6][7][13]""},{""nome"":""Segmentação Sociodemográfica"",""quando"":""Quando a estratégia exige recortes clássicos de perfil (idade, estado civil, classe social, etc.) combinados com outras variáveis."",""exemplo"":""Campanha focada em adultos de determinada faixa etária e classe social, em grandes centros urbanos, com maior potencial de consumo de serviços recorrentes.[8][7]""},{""nome"":""Audiências Cookieless"",""quando"":""Quando o anunciante precisa de segmentação independente de cookies de terceiros, mantendo alcance em ambientes com restrição de rastreamento."",""exemplo"":""Campanhas em ambientes com menor disponibilidade de cookies third party, usando audiências baseadas em dados proprietários e identificadores alternativos.[8]""},{""nome"":""Clusters Comportamentais / Mosaic"",""quando"":""Quando se deseja trabalhar com clusters comportamentais ou tipologias de consumo, em vez de apenas filtros individuais."",""exemplo"":""Uso de segmentações como Mosaic ou estudos de clusterização da população para falar com grupos com padrões específicos de comportamento financeiro e de consumo.[8][11][13]""},{""nome"":""Segmentação B2B por Empresa / CNAE"",""quando"":""Quando o foco é comunicação B2B, falando com sócios e decisores de empresas a partir de atributos empresariais."",""exemplo"":""Campanhas para empresas de determinado segmento de atuação (CNAE) e porte, direcionadas a sócios cadastrados, em ações de crédito PJ ou soluções de gestão.[8][13]""}]","[""Maior base de dados financeiros do Brasil (+200M perfis)"",""Score de crédito exclusivo para segmentação"",""Imóveis RJ, score 500+, classe ABC, 30 dias: ECS 190.970 / Meta 1.514.181 / TikTok 58.035"",""Automotivo RJ, score 500+, ABC: ECS 426.770 / Meta 4.061.559 / TikTok 102.218"",""Viajantes RJ, score 500+, ABC: ECS 502.190 / Meta 1.211.725 / TikTok 40.296"",""Nação do Futebol RJ: ECS 253.591 / Meta 1.423.062 / TikTok 71.435""]","[""serasa-servicos-academias"",""serasa-adimplentes-recorrentes"",""serasa-adultos-estabelecidos"",""serasa-adultos-jovens"",""serasa-tech-marketing-digital"",""serasa-agro-industria"",""serasa-alta-renda"",""serasa-logistica-armazenagem"",""serasa-construcao-projetos"",""serasa-empresas-atacado"",""serasa-baixa-renda"",""serasa-saude-fisioterapia"",""serasa-servicos-clinicas"",""serasa-saude-clinicas-espec"",""serasa-saude-odonto"",""serasa-saude-veterinaria"",""serasa-agro-maquinas"",""serasa-empresas-construcao"",""serasa-construcao-construtoras"",""serasa-tech-consultoria"",""serasa-agro-cooperativas"",""serasa-servicos-cursos"",""serasa-tech-datacenter"",""serasa-construcao-preparacao"",""serasa-tech-software"",""serasa-saude-distribuidoras"",""serasa-agro-insumos"",""serasa-tech-ecommerce"",""serasa-logistica-courier"",""serasa-tech-seguranca"",""serasa-empresas-servicos"",""serasa-empresas-varejo"",""serasa-empresas-agro"",""serasa-recuperacao-credito"",""serasa-servicos-advocacia"",""serasa-servicos-contabilidade"",""serasa-varejo-farmacias"",""serasa-empresas-grande"",""serasa-homens"",""serasa-saude-hospitais"",""serasa-servicos-hospedagem"",""serasa-construcao-imobiliarias"",""serasa-construcao-incorporadoras"",""serasa-industria-alimenticia"",""serasa-industria-auto"",""serasa-industria-embalagens"",""serasa-industria-moveis"",""serasa-industria-plasticos"",""serasa-industria-metalurgica"",""serasa-industria-quimica"",""serasa-empresas-industria"",""serasa-industria-textil"",""serasa-construcao-instalacoes"",""serasa-varejo-luxo"",""serasa-jovens-adultos"",""serasa-logistica-locadoras"",""serasa-empresas-logistica"",""serasa-varejo-autopecas"",""serasa-tech-lojas"",""serasa-varejo-moveis"",""serasa-varejo-eletro"",""serasa-varejo-construcao"",""serasa-varejo-moda"",""serasa-media-alta-renda"",""serasa-media-baixa-renda"",""serasa-media-renda"",""serasa-empresas-medio"",""serasa-meia-idade-senior"",""serasa-empresas-mei"",""serasa-empresas-micro"",""serasa-mulheres"",""serasa-construcao-infraestrutura"",""serasa-servicos-oficinas"",""serasa-logistica-operadores"",""serasa-varejo-padarias"",""serasa-agro-pecuaria"",""serasa-empresas-pequeno"",""serasa-varejo-pet"",""serasa-construcao-acabamentos"",""serasa-varejo-postos"",""serasa-potencial-bom-pagador"",""serasa-agro-cafe"",""serasa-agro-cana"",""serasa-agro-graos"",""serasa-servicos-beleza"",""serasa-score-alto-excelente"",""serasa-score-baixo"",""serasa-score-bom"",""serasa-score-medio"",""serasa-score-muito-baixo"",""serasa-empresas-publico"",""serasa-varejo-supermercados"",""serasa-tech-suporte"",""serasa-empresas-tecnologia"",""serasa-empresas-telecom"",""serasa-logistica-passageiros"",""serasa-empresas-utilities""]","[""Academias e Centros Fitness"",""Adimplentes Recorrentes"",""Adultos Estabelecidos (35-44)"",""Adultos Jovens (25-34)"",""Agências Marketing Digital"",""Agroindústria"",""Alta Renda (R$ 10.000+)"",""Armazenamento e Depósitos"",""Arquitetos e Engenheiros"",""Atacadistas e Distribuidoras"",""Baixa Renda (até R$ 1,5k)"",""Clínicas de Fisioterapia"",""Clínicas Médicas e Odontológicas"",""Clínicas Médicas Especializadas"",""Clínicas Odontológicas"",""Clínicas Veterinárias"",""Comércio Máquinas Agrícolas"",""Construção e Imóveis"",""Construtoras de Edifícios"",""Consultoria em TI"",""Cooperativas Agropecuárias"",""Cursos Profissionalizantes"",""Data Centers e Hospedagem"",""Demolição e Preparação Terrenos"",""Desenvolvimento Software"",""Distribuidoras de Medicamentos"",""Distribuidores Insumos Agrícolas"",""E-commerce"",""Empresas Courier e Entregas"",""Empresas de Cibersegurança"",""Empresas de Serviços"",""Empresas de Varejo"",""Empresas do Agronegócio"",""Em Recuperação de Crédito"",""Escritórios de Advocacia"",""Escritórios de Contabilidade"",""Farmácias e Drogarias"",""Grandes Empresas"",""Homens Serasa"",""Hospitais e Pronto-Socorro"",""Hotéis e Pousadas"",""Imobiliárias"",""Incorporadoras Imobiliárias"",""Indústria Alimentícia"",""Indústria Automobilística"",""Indústria de Embalagens"",""Indústria de Móveis"",""Indústria de Plásticos e Borracha"",""Indústria Metalúrgica"",""Indústria Química e Farmacêutica"",""Indústrias"",""Indústria Têxtil e Vestuário"",""Instalações Elétricas/Hidráulicas"",""Joalherias e Óticas"",""Jovens Adultos (18-24)"",""Locadoras de Veículos"",""Logística e Transporte"",""Lojas de Autopeças"",""Lojas de Informática"",""Lojas de Móveis"",""Lojas Eletrodomésticos"",""Lojas Materiais Construção"",""Lojas Vestuário e Calçados"",""Média-Alta Renda (R$ 5-10k)"",""Média-Baixa Renda (R$ 1,5-2,5k)"",""Média Renda (R$ 2,5-5k)"",""Médias Empresas"",""Meia Idade e Sênior (45+)"",""MEI - Microempreendedor"",""Microempresas"",""Mulheres Serasa"",""Obras de Infraestrutura"",""Oficinas Mecânicas"",""Operadores Logísticos 3PL/4PL"",""Padarias e Confeitarias"",""Pecuaristas"",""Pequenas Empresas"",""Pet Shops"",""Pintura e Acabamentos"",""Postos de Combustíveis"",""Potencial Bom Pagador"",""Produtores de Café"",""Produtores de Cana"",""Produtores de Grãos"",""Salões de Beleza e Estética"",""Score Alto (Excelente - 800+)"",""Score Baixo (300-499)"",""Score Bom (700-799)"",""Score Médio (500-699)"",""Score Muito Baixo (0-299)"",""Setor Público"",""Supermercados e Hipermercados"",""Suporte Técnico TI"",""Tecnologia"",""Telecomunicações"",""Transporte de Passageiros"",""Utilities (Energia/Água)""]",97
2026-09-15T18:01:28+00:00,spotify,Spotify,Streaming,audio,+50M ouvintes,98,R$ 15.000,"A maior plataforma de streaming de áudio do mundo, com mais de 50 milhões de ouvintes no Brasil. Ideal para campanhas de awareness e branding com alta taxa de completion.","[{""nome"":""Conteúdo: Música vs Podcasts"",""quando"":""ao definir se a campanha deve priorizar música, podcasts ou ambos no gerenciador de anúncios e nas linhas de pedido"",""exemplo"":""marca de bens de consumo veicula Audio Ads em música para alcance amplo e reserva Podcast Ads apenas em programas de culinária e bem‑estar para aprofundar a mensagem""},{""nome"":""Momento de tela ativa (screen-on)"",""quando"":""ao comprar formatos de vídeo e Sponsored Session, que só são entregues quando o app está em foco na tela"",""exemplo"":""campanha de lançamento usa Video Takeover direcionado a sessões em que o usuário está com o app em foco, garantindo exposição visual completa""},{""nome"":""Tipo de sessão de escuta (sessão patrocinada vs sessão regular)"",""quando"":""ao optar por Sponsored Session em vez de vídeo padrão, construindo experiência de ~30 minutos sem anúncios"",""exemplo"":""marca de telecom ativa Sponsored Session para usuários free em mobile, oferecendo meia hora de música sem interrupções após o vídeo""},{""nome"":""Playlist e propriedade de inventário (Owned & Operated Playlists)"",""quando"":""ao selecionar Sponsored Playlist em listas proprietárias com grande volume de ouvintes recorrentes"",""exemplo"":""marca de bebidas patrocina playlist de hits nacionais, com presença em todos os intervalos comerciais da playlist e destaque na página""},{""nome"":""Contexto de uso em áudio sem tela (screenless audio)"",""quando"":""ao focar em Audio Ads que alcançam usuários em momentos sem atenção à tela, como fones ou carro"",""exemplo"":""marca automotiva direciona áudio para sessões de direção, priorizando mensagem sonora clara e call to action simples""},{""nome"":""Dispositivo e ambiente de app"",""quando"":""ao escolher entre entrega em mobile, desktop ou outros dispositivos, especialmente para formatos de vídeo"",""exemplo"":""varejo prioriza Mobile Overlay e Video Takeover em smartphones, com criativos otimizados para mobile e landing pages responsivas""},{""nome"":""Segmentação por programa de podcast"",""quando"":""ao planejar compra de Podcast Ads em programas específicos alinhados ao público da marca"",""exemplo"":""fintech concentra inserções em podcasts de finanças pessoais e empreendedorismo, usando host-read para aumentar credibilidade junto ao público.[2][4][8]""},{""nome"":""Formato de troca de valor (value exchange advertising)"",""quando"":""ao usar Sponsored Session ou playlists patrocinadas que oferecem benefício claro ao usuário em troca de atenção ao anúncio"",""exemplo"":""marca de e-commerce ativa Sponsored Session comunicando explícito “assista ao nosso vídeo e ganhe 30 minutos de música sem anúncios”, reforçando percepção positiva de marca.[1][11][15][8]""}]","[""Único player com acesso a playlists patrocinadas no Brasil"",""Segmentação por momento do dia (workout, relax, focus)"",""Dados exclusivos de humor e atividade do usuário"",""Audio ads não skipáveis com 95%+ completion rate""]","[""spotify-gen-alternativa"",""spotify-gen-spoken"",""spotify-gen-blues"",""spotify-play-holiday"",""spotify-gen-classica"",""spotify-gen-country"",""spotify-play-kids"",""spotify-play-culinaria"",""spotify-play-commute"",""spotify-gen-eletronica"",""spotify-play-festa"",""spotify-play-foco"",""spotify-gen-funk"",""spotify-gen-gospel"",""spotify-gen-hiphop"",""spotify-demo-homens"",""spotify-gen-indie"",""spotify-gen-infantil"",""spotify-gen-jazz"",""spotify-gen-metal"",""spotify-demo-mulheres"",""spotify-gen-ambiente"",""spotify-gen-latina"",""spotify-play-amigas"",""spotify-gen-pagode"",""spotify-gen-pop"",""spotify-gen-punk"",""spotify-gen-rnb"",""spotify-gen-reggae"",""spotify-play-relax"",""spotify-gen-rock"",""spotify-play-romantico"",""spotify-gen-sertanejo"",""spotify-gen-mpb"",""spotify-gen-trilhas"",""spotify-play-roadtrip""]","[""Alternativa"",""Audio Falado / Spoken Word"",""Blues"",""Boas Festas / Holiday"",""Classica"",""Country / Folk"",""Criancas / Kids"",""Culinaria / Cooking"",""Deslocamento / Commute"",""Eletronica / Dance / House"",""Festa / Party"",""Foco / Estudo"",""Funk (BR)"",""Gospel"",""Hip Hop / Rap"",""Homens (Geral)"",""Indie Rock"",""Infantil"",""Jazz"",""Metal"",""Mulheres (Geral)"",""Musica Ambiente / New Age"",""Musica Latina"",""Noite com as Amigas / Girls Night"",""Pagode / Samba"",""Pop"",""Punk"",""R&B"",""Reggae"",""Relax / Chill"",""Rock"",""Romantico / Romance"",""Sertanejo"",""Tradicional / MPB"",""Trilhas Sonoras / Soundtracks"",""Viagem de Carro / Road Trip""]",36
2026-09-15T18:01:28+00:00,techtudo,TechTudo,Portais,portal,+25M pageviews/mês,70,R$ 12.000,"Portal de tecnologia do Grupo Globo, referência em reviews, tutoriais e notícias tech.","[{""nome"":""interesse em tecnologia"",""quando"":""quando a campanha quer falar com leitores de eletrônicos, celulares, computadores, apps e software"",""exemplo"":""marcar a ação em editorias de smartphones, notebooks e apps""},{""nome"":""intenção de compra / comparação"",""quando"":""quando o anunciante quer atingir usuários em momento de escolha"",""exemplo"":""campos de comparativos, guias de compra e reviews""},{""nome"":""contexto editorial"",""quando"":""quando a mensagem precisa aparecer em conteúdo de notícia, tutorial, lista ou review"",""exemplo"":""patrocínio de conteúdo em matérias sobre lançamentos e análises""},{""nome"":""produto / categoria"",""quando"":""quando a campanha é voltada a uma linha específica de produto tech"",""exemplo"":""smartphones, TVs, notebooks, periféricos ou serviços digitais""},{""nome"":""momento de lançamento"",""quando"":""quando a marca quer ativar comunicação em torno de anúncio de novidade"",""exemplo"":""campanhas em cobertura de novos modelos, atualizações e eventos do setor""}]","[""Audiência tech-savvy e early adopters"",""Reviews com alta credibilidade"",""Público masculino 68%"",""Alto poder aquisitivo""]",[],[],0
2026-09-15T18:01:28+00:00,tiktok,TikTok,Sociais,social,+85M usuários BR,94,R$ 5.000,Plataforma de vídeos curtos com maior crescimento. Ideal para alcançar público jovem com conteúdo autêntico.,"[{""nome"":""Demográfica (idade e gênero)"",""quando"":""campanhas que exigem recorte básico de público, como foco em Gen Z ou adultos 25–44"",""exemplo"":""Selecionar Feminino e faixa 25–44 para campanhas de beleza com foco em mulheres adultas.[13][14]""},{""nome"":""Localização geográfica"",""quando"":""ações regionais, foco em estados ou cidades, ou campanhas nacionais com exclusões específicas"",""exemplo"":""Segmentar apenas usuários localizados na cidade de São Paulo para uma ativação física em shopping.[13][14]""},{""nome"":""Interesses declarados e comportamentais"",""quando"":""campanhas que precisam de afinidade temática (beleza, games, música, esporte, etc.)"",""exemplo"":""Direcionar anúncios de um jogo mobile para usuários com interesse em jogos e conteúdos de gaming.[13][14]""},{""nome"":""Comportamento de engajamento no app"",""quando"":""otimizar para usuários que interagem mais com vídeos de determinado tema ou formato"",""exemplo"":""Alcançar pessoas que costumam assistir até o fim e interagir com vídeos de tutoriais de maquiagem.[13][14]""},{""nome"":""Palavras‑chave em buscas (Search Ads)"",""quando"":""capturar usuários no momento de pesquisa ativa por categorias ou marcas dentro do TikTok"",""exemplo"":""Comprar palavras‑chave como “receita fácil” para promover um food brand nos resultados de busca.[5][9][12][15]""},{""nome"":""Públicos personalizados (1st party data)"",""quando"":""reimpactar bases próprias ou fazer exclusões de clientes existentes"",""exemplo"":""Subir lista de e‑mails de clientes para excluir quem já comprou de uma campanha de aquisição.[13][14]""},{""nome"":""Lookalike / públicos semelhantes"",""quando"":""escala de performance com base em pessoas parecidas com quem já converteu"",""exemplo"":""Criar público semelhante a quem completou compra em campanha anterior para ampliar alcance eficiente.[13][14]""},{""nome"":""Dispositivo e sistema operacional"",""quando"":""produtos ou aplicativos disponíveis apenas em determinados sistemas"",""exemplo"":""Segmentar apenas usuários em dispositivos Android para divulgar um app ainda não disponível em iOS.[13][14]""}]","[""Maior tempo de uso diário (95 min)"",""Algoritmo de descoberta poderoso"",""Spark Ads - impulsionar conteúdo orgânico"",""Público Gen Z altamente engajado""]",[],[],0
2026-09-15T18:01:28+00:00,tudogostoso,TudoGostoso,Portais,portal,+30M pageviews/mês,75,R$ 8.000,"O maior site de receitas do Brasil, com audiência altamente engajada em culinária e gastronomia.","[{""nome"":""Decisoras de compra (feminino)"",""quando"":""lançamentos de alimentos, campanhas de consumo recorrente e promoções semanais"",""exemplo"":""campanha de molho de tomate com receitas práticas para o almoço da semana""},{""nome"":""Mães e responsáveis por refeições infantis"",""quando"":""volta às aulas, lanches e refeições rápidas"",""exemplo"":""lançamento de opção de lanche saudável com receitas e sugestão de compra""},{""nome"":""Entusiastas de culinária"",""quando"":""lançamentos de utensílios, cursos e coleções de receitas premium"",""exemplo"":""promoção de mixer com vídeo passo a passo em receitas complexas""},{""nome"":""Saúde e dietas específicas"",""quando"":""campanhas de alimentação saudável, resoluções de ano novo ou tendências alimentares"",""exemplo"":""série de receitas low-carb patrocinada por marca de ingredientes alternativos""},{""nome"":""Ocasiões e datas comemorativas"",""quando"":""Natal, Páscoa, Dia das Mães, festas e eventos sazonais"",""exemplo"":""campanha de sobremesas para ceia de Natal com receitas patrocinadas""},{""nome"":""Eletrodomésticos e utensílios de cozinha"",""quando"":""lançamentos de produto, Black Friday e ações de demonstração"",""exemplo"":""vídeo mostrando receitas exclusivas usando uma airfryer em Branded Recipes""}]","[""Audiência 75% feminina - decisoras de compra"",""Alto tempo de permanência (12 min)"",""Branded recipes com integração de produto"",""Contexto perfeito para alimentos e bebidas""]",[],[],0
2026-09-15T18:01:28+00:00,twitch,Twitch,Sociais,gaming,+15M usuários BR,90,R$ 15.000,Maior plataforma de live streaming do mundo. Comunidade engajada de gamers e criadores de conteúdo.,"[{""nome"":""Interesse em games e cultura geek"",""quando"":""planejamento de campanhas de awareness em comunidades de jogos e entretenimento ao vivo"",""exemplo"":""Campanha focada em usuários que seguem categorias de jogos, eSports ou canais de gaming e cultura geek na Twitch, usando mídia de vídeo e display integrada ao ecossistema da plataforma.""},{""nome"":""Contexto de conteúdo ao vivo (categoria / tipo de stream)"",""quando"":""otimização de campanhas vinculando a mensagem da marca ao tipo de transmissão"",""exemplo"":""Segmentar anúncios de vídeo para streams de eSports, talk shows ou música ao vivo onde a marca é relevante, alinhando criativos ao contexto da categoria da transmissão.""},{""nome"":""Ativações com criadores (1st party de canais e comunidades)"",""quando"":""projetos de branded content e patrocínio com streamers específicos"",""exemplo"":""Selecionar streamers parceiros com base em audiência, perfil de comunidade e histórico de desempenho em patrocínios dentro do pacote de patrocínios da Amazon Ads na Twitch.""},{""nome"":""Segmentação por dispositivo (desktop vs mobile vs CTV)"",""quando"":""ajuste de criativo e estratégia conforme a tela de consumo"",""exemplo"":""Separar linhas de campanha para desktop com SDA e display homepage e para mobile com mid‑feed ads, além de vídeo em CTV para impacto em tela grande.""},{""nome"":""Momento de sessão (entrada e intervalo da live)"",""quando"":""definição de peso em pre‑roll vs mid‑roll de acordo com a jornada"",""exemplo"":""Usar pre‑roll para impactar o usuário no início da sessão e mid‑roll em breaks programados pelo Gerenciador de anúncios para reforço de mensagem durante a live.""},{""nome"":""Descoberta de canais (homepage e páginas de exploração)"",""quando"":""estratégias de tráfego e visibilidade de canal ou evento"",""exemplo"":""Investir em placements de homepage headliner, super leaderboard e retângulo médio na homepage e páginas de descoberta para promover canais patrocinados ou eventos especiais.""},{""nome"":""Segmentação por mercado / país (Brasil)"",""quando"":""campanhas regionais com entrega restrita ao Brasil"",""exemplo"":""Campanhas de anunciantes brasileiros veiculadas em inventário da Twitch no Brasil, dentro dos mercados suportados pelo pacote de patrocínios da Amazon Ads que inclui Brasil.""}]","[""Comunidade mais engajada da internet"",""95 min de sessão média"",""Público jovem difícil de alcançar em outros canais"",""Chat interaction em tempo real"",""Integração com Amazon DSP""]",[],[],0
2026-09-15T18:01:28+00:00,uber,Uber,Mobilidade,mobile,+30M usuários BR,88,R$ 10.000,Plataforma de mobilidade com anúncios no app e no recibo. Bom para marca e drive-to-store.,"[{""nome"":""Aeroporto e centro"",""quando"":""marca em deslocamento"",""exemplo"":""Chegada GRU/CGH/GIG""},{""nome"":""Horário da corrida"",""quando"":""pico vs noite"",""exemplo"":""7h–9h e 18h–21h""},{""nome"":""Recibo"",""quando"":""alta leitura"",""exemplo"":""Fim da viagem""},{""nome"":""Cidade"",""quando"":""praça"",""exemplo"":""SP, RJ, BH""}]","[""Passageiro em deslocamento"",""Recibo com alta leitura"",""Cidades e aeroportos""]",[],[],0
2026-09-15T18:01:28+00:00,uol,UOL,Portais,portal,+100M pageviews/mês,70,R$ 10.000,"Um dos maiores portais de conteúdo do Brasil com diversas verticais: notícias, esportes, economia, entretenimento.","[{""nome"":""Demográfica (gênero e faixa etária)"",""quando"":""campanhas que precisam ajustar mensagem por perfil de pessoa (produto com faixa etária definida ou foco em feminino/masculino)"",""exemplo"":""Segmentar banners e vídeo para mulheres de 25–44 anos em conteúdos de entretenimento e lifestyle dentro do UOL.[9][11]""},{""nome"":""Geolocalização e região"",""quando"":""ações com foco regional, campanhas locais, varejo ou serviços restritos a determinados estados/cidades"",""exemplo"":""Configurar campanha de display para usuários em São Paulo capital, com criativos específicos para uma rede de lojas da região.[9][11]""},{""nome"":""Assuntos de interesse (interesse em temas)"",""quando"":""campanhas de consideração e performance que dependem de afinidade por temas como esportes, finanças, tecnologia ou entretenimento"",""exemplo"":""Impactar pessoas interessadas em investimentos e economia com anúncios de instituição financeira em canais de notícias econômicas do UOL.[9][11]""},{""nome"":""Contexto de conteúdo (páginas e canais)"",""quando"":""aproveitar o momento de consumo de informação relevante ao produto, alinhando o anúncio ao contexto editorial"",""exemplo"":""Veicular formatos de alto impacto na Home e em matérias de tecnologia quando lançar um novo smartphone.[3][9][11]""},{""nome"":""Dispositivo (desktop vs mobile)"",""quando"":""quando o criativo ou a oferta são otimizados para experiência específica em mobile ou desktop"",""exemplo"":""Campanha mobile-only com formatos verticais em conteúdo mobile e notificações baseadas em geolocalização.[3][9]""},{""nome"":""Segmentação inteligente / otimizada pela plataforma"",""quando"":""campanhas que buscam escala e eficiência deixando a plataforma ajustar a entrega para maior desempenho"",""exemplo"":""Usar segmentação automatizada em UOL Ads para ampliar alcance de display mantendo foco em conversão ou cliques qualificados.[10][11]""},{""nome"":""Primeira parte UOL (audiência do ecossistema)"",""quando"":""marcas que querem usar dados proprietários do publisher para atingir usuários recorrentes e perfis construídos pelo consumo de conteúdo"",""exemplo"":""Campanha de seguros direcionada a leitores frequentes de canais de economia, carros e família dentro do ambiente logado UOL.[1][12][14]""},{""nome"":""Momento de consumo de vídeo"",""quando"":""quando o objetivo é aproveitar a atenção em conteúdo audiovisual para pre-roll e formatos em player"",""exemplo"":""Veicular pre-roll em vídeos de notícias e esportes durante grandes eventos esportivos para reforço de marca.[2][3][7]""}]","[""Diversidade de verticais e públicos"",""UOL Tab - newsletter premium"",""Forte em economia e finanças"",""Branded content de qualidade""]",[],[],0
2026-09-15T18:01:28+00:00,youtube,YouTube,Sociais,video,+140M usuários BR,95,R$ 5.000,"A maior plataforma de vídeos do mundo. Alcance massivo com formatos de vídeo, display e discovery.","[{""nome"":""Segmentação por interesses e afinidade"",""quando"":""Construir reconhecimento em públicos com afinidade contínua com temas relevantes à marca"",""exemplo"":""Campanha de marca focada em usuários com interesse em tecnologia de consumo, gaming e eletrônicos, usando segmentos de afinidade no YouTube Ads.""},{""nome"":""Segmentação por intenção de compra (in-market)"",""quando"":""Acelerar consideração e conversão em usuários próximos da decisão de compra"",""exemplo"":""Promoção de smartphones focada em pessoas classificadas como ‘prontas para comprar’ dispositivos móveis, com base em sinais de busca e comportamento em vídeo.""},{""nome"":""Segmentação contextual por conteúdo de vídeo"",""quando"":""Alinhar mensagem ao momento de consumo de conteúdo específico"",""exemplo"":""Anúncios de varejo veiculados em vídeos de reviews de eletrodomésticos e comparativos de preço, usando posicionamentos e tópicos relacionados.""},{""nome"":""Audiências próprias (1st party / listas e CRM)"",""quando"":""Reimpactar clientes, leads e inscritos ou excluir quem já converteu"",""exemplo"":""Campanha de upgrade de plano veiculada para base de clientes ativos a partir de listas de e-mails e dados de CRM integrados ao Google Ads.""},{""nome"":""Remarketing de engajamento em vídeo e visitas ao site"",""quando"":""Aumentar conversão em quem já demonstrou interesse em conteúdo ou produto"",""exemplo"":""Sequência de anúncios em vídeo para usuários que assistiram ao vídeo de lançamento acima de 50% ou visitaram páginas específicas do site.""},{""nome"":""Segmentação por dispositivos (CTV, mobile, desktop)"",""quando"":""Adequar criativo e estratégia ao contexto de consumo (TV conectada x celular)"",""exemplo"":""Plano de campanha com peças mais longas em CTV para sala de estar e criativos curtos e verticais para mobile em Shorts.""},{""nome"":""Segmentação demográfica detalhada"",""quando"":""Campanhas de alcance com recorte de público por idade, gênero, faixa parental e renda estimada"",""exemplo"":""Lançamento de produto focado em adultos 25–44, não pais, nas grandes capitais, com criativos adaptados por faixa etária.""},{""nome"":""Segmentação geográfica (país, estado, cidade, raio)"",""quando"":""Ativar campanhas regionais ou locais com relevância de ponto de venda"",""exemplo"":""Campanha de abertura de loja física em São Paulo, restrita a um raio de alguns quilômetros em torno dos novos endereços.""}]","[""Maior alcance de vídeo do Brasil"",""Segmentação por intenção de compra"",""YouTube Shorts para público jovem"",""Integração com Google Ads""]",[],[],0
